 접속한 클라이언트 IP : 0:0:0:0:0:0:0:1
 접근한 URL 경로 : /jspEx01/books.jsp
 요청 처리 시작 시각 : 2025/02/11 09:49:05
 요청 처리 종료 시각 : 2025/02/11 09:49:05
 요청 처리 소요 시간 : 1739234945373ms 
-------------------------
 접속한 클라이언트 IP : 0:0:0:0:0:0:0:1
 접근한 URL 경로 : /jspEx01/ex13/session01.jsp
 요청 처리 시작 시각 : 2025/02/11 10:36:51
 요청 처리 종료 시각 : 2025/02/11 10:36:52
 요청 처리 소요 시간 : 1739237811514ms 
-------------------------
 접속한 클라이언트 IP : 0:0:0:0:0:0:0:1
 접근한 URL 경로 : /jspEx01/ex13/session02.jsp
 요청 처리 시작 시각 : 2025/02/11 11:14:39
 요청 처리 종료 시각 : 2025/02/11 11:14:39
 요청 처리 소요 시간 : 1739240079241ms 
-------------------------
 접속한 클라이언트 IP : 0:0:0:0:0:0:0:1
 접근한 URL 경로 : /jspEx01/ex13/sessioin03.jsp
 요청 처리 시작 시각 : 2025/02/11 11:27:04
 요청 처리 종료 시각 : 2025/02/11 11:27:04
 요청 처리 소요 시간 : 1739240824647ms 
-------------------------
 접속한 클라이언트 IP : 0:0:0:0:0:0:0:1
 접근한 URL 경로 : /jspEx01/ex13/sessioin03.jsp
 요청 처리 시작 시각 : 2025/02/11 11:27:36
 요청 처리 종료 시각 : 2025/02/11 11:27:36
 요청 처리 소요 시간 : 1739240856159ms 
-------------------------
 접속한 클라이언트 IP : 0:0:0:0:0:0:0:1
 접근한 URL 경로 : /jspEx01/ex13/session04.jsp
 요청 처리 시작 시각 : 2025/02/11 11:34:51
 요청 처리 종료 시각 : 2025/02/11 11:34:51
 요청 처리 소요 시간 : 1739241291367ms 
-------------------------
 접속한 클라이언트 IP : 0:0:0:0:0:0:0:1
 접근한 URL 경로 : /jspEx01/ex13/session04.jsp
 요청 처리 시작 시각 : 2025/02/11 11:37:33
 요청 처리 종료 시각 : 2025/02/11 11:37:33
 요청 처리 소요 시간 : 1739241453277ms 
-------------------------
 접속한 클라이언트 IP : 0:0:0:0:0:0:0:1
 접근한 URL 경로 : /jspEx01/ex13/session04.jsp
 요청 처리 시작 시각 : 2025/02/11 11:47:07
 요청 처리 종료 시각 : 2025/02/11 11:47:07
 요청 처리 소요 시간 : 1739242027805ms 
-------------------------
 접속한 클라이언트 IP : 0:0:0:0:0:0:0:1
 접근한 URL 경로 : /jspEx01/ex13/session01.jsp
 요청 처리 시작 시각 : 2025/02/11 11:47:44
 요청 처리 종료 시각 : 2025/02/11 11:47:44
 요청 처리 소요 시간 : 1739242064372ms 
-------------------------
 접속한 클라이언트 IP : 0:0:0:0:0:0:0:1
 접근한 URL 경로 : /jspEx01/ex13/sesson01_process.jsp
 요청 처리 시작 시각 : 2025/02/11 11:47:46
 요청 처리 종료 시각 : 2025/02/11 11:47:46
 요청 처리 소요 시간 : 1739242066918ms 
-------------------------
 접속한 클라이언트 IP : 0:0:0:0:0:0:0:1
 접근한 URL 경로 : /jspEx01/ex13/session01.jsp
 요청 처리 시작 시각 : 2025/02/11 11:47:58
 요청 처리 종료 시각 : 2025/02/11 11:47:58
 요청 처리 소요 시간 : 1739242078119ms 
-------------------------
 접속한 클라이언트 IP : 0:0:0:0:0:0:0:1
 접근한 URL 경로 : /jspEx01/ex13/session01_process.jsp
 요청 처리 시작 시각 : 2025/02/11 11:48:01
 요청 처리 종료 시각 : 2025/02/11 11:48:02
 요청 처리 소요 시간 : 1739242081931ms 
-------------------------
 접속한 클라이언트 IP : 0:0:0:0:0:0:0:1
 접근한 URL 경로 : /jspEx01/ex13/session02.jsp
 요청 처리 시작 시각 : 2025/02/11 11:48:06
 요청 처리 종료 시각 : 2025/02/11 11:48:06
 요청 처리 소요 시간 : 1739242086840ms 
-------------------------
 접속한 클라이언트 IP : 0:0:0:0:0:0:0:1
 접근한 URL 경로 : /jspEx01/ex13/session03.jsp
 요청 처리 시작 시각 : 2025/02/11 11:48:10
 요청 처리 종료 시각 : 2025/02/11 11:48:10
 요청 처리 소요 시간 : 1739242090856ms 
-------------------------
 접속한 클라이언트 IP : 0:0:0:0:0:0:0:1
 접근한 URL 경로 : /jspEx01/ex13/session04.jsp
 요청 처리 시작 시각 : 2025/02/11 11:48:15
 요청 처리 종료 시각 : 2025/02/11 11:48:15
 요청 처리 소요 시간 : 1739242095027ms 
-------------------------
 접속한 클라이언트 IP : 0:0:0:0:0:0:0:1
 접근한 URL 경로 : /jspEx01/ex13/session05.jsp
 요청 처리 시작 시각 : 2025/02/11 11:48:28
 요청 처리 종료 시각 : 2025/02/11 11:48:29
 요청 처리 소요 시간 : 1739242108967ms 
-------------------------
 접속한 클라이언트 IP : 0:0:0:0:0:0:0:1
 접근한 URL 경로 : /jspEx01/ex13/session05.jsp
 요청 처리 시작 시각 : 2025/02/11 11:48:53
 요청 처리 종료 시각 : 2025/02/11 11:48:53
 요청 처리 소요 시간 : 1739242133117ms 
-------------------------
 접속한 클라이언트 IP : 0:0:0:0:0:0:0:1
 접근한 URL 경로 : /jspEx01/ex13/session05.jsp
 요청 처리 시작 시각 : 2025/02/11 11:48:53
 요청 처리 종료 시각 : 2025/02/11 11:48:53
 요청 처리 소요 시간 : 1739242133940ms 
-------------------------
 접속한 클라이언트 IP : 0:0:0:0:0:0:0:1
 접근한 URL 경로 : /jspEx01/ex13/session05.jsp
 요청 처리 시작 시각 : 2025/02/11 11:48:54
 요청 처리 종료 시각 : 2025/02/11 11:48:54
 요청 처리 소요 시간 : 1739242134468ms 
-------------------------
 접속한 클라이언트 IP : 0:0:0:0:0:0:0:1
 접근한 URL 경로 : /jspEx01/ex13/session05.jsp
 요청 처리 시작 시각 : 2025/02/11 11:48:54
 요청 처리 종료 시각 : 2025/02/11 11:48:54
 요청 처리 소요 시간 : 1739242134835ms 
-------------------------
 접속한 클라이언트 IP : 0:0:0:0:0:0:0:1
 접근한 URL 경로 : /jspEx01/ex13/session05.jsp
 요청 처리 시작 시각 : 2025/02/11 11:48:55
 요청 처리 종료 시각 : 2025/02/11 11:48:55
 요청 처리 소요 시간 : 1739242135091ms 
-------------------------
 접속한 클라이언트 IP : 0:0:0:0:0:0:0:1
 접근한 URL 경로 : /jspEx01/ex13/session05.jsp
 요청 처리 시작 시각 : 2025/02/11 11:48:55
 요청 처리 종료 시각 : 2025/02/11 11:48:55
 요청 처리 소요 시간 : 1739242135652ms 
-------------------------
 접속한 클라이언트 IP : 0:0:0:0:0:0:0:1
 접근한 URL 경로 : /jspEx01/ex13/session06.jsp
 요청 처리 시작 시각 : 2025/02/11 11:50:48
 접속한 클라이언트 IP : 0:0:0:0:0:0:0:1
 접근한 URL 경로 : /jspEx01/ex13/session06.jsp
 요청 처리 시작 시각 : 2025/02/11 11:51:20
 요청 처리 종료 시각 : 2025/02/11 11:51:21
 요청 처리 소요 시간 : 1739242280995ms 
-------------------------
 접속한 클라이언트 IP : 0:0:0:0:0:0:0:1
 접근한 URL 경로 : /jspEx01/ex13/session01.jsp
 요청 처리 시작 시각 : 2025/02/11 11:51:28
 요청 처리 종료 시각 : 2025/02/11 11:51:28
 요청 처리 소요 시간 : 1739242288662ms 
-------------------------
 접속한 클라이언트 IP : 0:0:0:0:0:0:0:1
 접근한 URL 경로 : /jspEx01/ex13/session01_process.jsp
 요청 처리 시작 시각 : 2025/02/11 11:51:31
 요청 처리 종료 시각 : 2025/02/11 11:51:31
 요청 처리 소요 시간 : 1739242291302ms 
-------------------------
 접속한 클라이언트 IP : 0:0:0:0:0:0:0:1
 접근한 URL 경로 : /jspEx01/ex13/session06.jsp
 요청 처리 시작 시각 : 2025/02/11 11:51:34
 요청 처리 종료 시각 : 2025/02/11 11:51:34
 요청 처리 소요 시간 : 1739242294670ms 
-------------------------
 접속한 클라이언트 IP : 0:0:0:0:0:0:0:1
 접근한 URL 경로 : /jspEx01/ex13/session01.jsp
 요청 처리 시작 시각 : 2025/02/11 11:51:52
 요청 처리 종료 시각 : 2025/02/11 11:51:52
 요청 처리 소요 시간 : 1739242312441ms 
-------------------------
 접속한 클라이언트 IP : 0:0:0:0:0:0:0:1
 접근한 URL 경로 : /jspEx01/ex13/session01_process.jsp
 요청 처리 시작 시각 : 2025/02/11 11:51:55
 요청 처리 종료 시각 : 2025/02/11 11:51:55
 요청 처리 소요 시간 : 1739242315569ms 
-------------------------
 접속한 클라이언트 IP : 0:0:0:0:0:0:0:1
 접근한 URL 경로 : /jspEx01/ex13/session02.jsp
 요청 처리 시작 시각 : 2025/02/11 11:52:02
 요청 처리 종료 시각 : 2025/02/11 11:52:02
 요청 처리 소요 시간 : 1739242322009ms 
-------------------------
 접속한 클라이언트 IP : 0:0:0:0:0:0:0:1
 접근한 URL 경로 : /jspEx01/ex13/session06.jsp
 요청 처리 시작 시각 : 2025/02/11 11:52:12
 요청 처리 종료 시각 : 2025/02/11 11:52:12
 요청 처리 소요 시간 : 1739242332458ms 
-------------------------
 접속한 클라이언트 IP : 0:0:0:0:0:0:0:1
 접근한 URL 경로 : /jspEx01/ex13/session07.jsp
 요청 처리 시작 시각 : 2025/02/11 12:15:04
 요청 처리 종료 시각 : 2025/02/11 12:15:04
 요청 처리 소요 시간 : 1739243704474ms 
-------------------------
 접속한 클라이언트 IP : 0:0:0:0:0:0:0:1
 접근한 URL 경로 : /jspEx01/ex13/session08.jsp
 요청 처리 시작 시각 : 2025/02/11 12:17:27
 요청 처리 종료 시각 : 2025/02/11 12:17:28
 요청 처리 소요 시간 : 1739243847964ms 
-------------------------
 접속한 클라이언트 IP : 0:0:0:0:0:0:0:1
 접근한 URL 경로 : /jspEx01/ex13/session09.jsp
 요청 처리 시작 시각 : 2025/02/11 12:30:46
 요청 처리 종료 시각 : 2025/02/11 12:30:46
 요청 처리 소요 시간 : 1739244646679ms 
-------------------------
 접속한 클라이언트 IP : 0:0:0:0:0:0:0:1
 접근한 URL 경로 : /jspEx01/ex13/session09.jsp
 요청 처리 시작 시각 : 2025/02/11 12:30:50
 요청 처리 종료 시각 : 2025/02/11 12:30:50
 요청 처리 소요 시간 : 1739244650559ms 
-------------------------
 접속한 클라이언트 IP : 0:0:0:0:0:0:0:1
 접근한 URL 경로 : /jspEx01/ex13/session09.jsp
 요청 처리 시작 시각 : 2025/02/11 12:37:58
 요청 처리 종료 시각 : 2025/02/11 12:37:58
 요청 처리 소요 시간 : 1739245078027ms 
-------------------------
 접속한 클라이언트 IP : 0:0:0:0:0:0:0:1
 접근한 URL 경로 : /jspEx01/ex13/session09.jsp
 요청 처리 시작 시각 : 2025/02/11 12:38:17
 요청 처리 종료 시각 : 2025/02/11 12:38:17
 요청 처리 소요 시간 : 1739245097146ms 
-------------------------
 접속한 클라이언트 IP : 0:0:0:0:0:0:0:1
 접근한 URL 경로 : /jspEx01/ex13/session09.jsp
 요청 처리 시작 시각 : 2025/02/11 12:38:26
 요청 처리 종료 시각 : 2025/02/11 12:38:26
 요청 처리 소요 시간 : 1739245106344ms 
-------------------------
 접속한 클라이언트 IP : 0:0:0:0:0:0:0:1
 접근한 URL 경로 : /jspEx01/ex13/session09.jsp
 요청 처리 시작 시각 : 2025/02/11 12:38:32
 요청 처리 종료 시각 : 2025/02/11 12:38:33
 요청 처리 소요 시간 : 1739245112941ms 
-------------------------
 접속한 클라이언트 IP : 0:0:0:0:0:0:0:1
 접근한 URL 경로 : /jspEx01/cart.jsp
 요청 처리 시작 시각 : 2025/02/11 15:05:36
 요청 처리 종료 시각 : 2025/02/11 15:05:37
 요청 처리 소요 시간 : 1739253936870ms 
-------------------------
 접속한 클라이언트 IP : 0:0:0:0:0:0:0:1
 접근한 URL 경로 : /jspEx01/book.jsp
 요청 처리 시작 시각 : 2025/02/11 15:05:47
 접속한 클라이언트 IP : 0:0:0:0:0:0:0:1
 접근한 URL 경로 : /jspEx01/books.jsp
 요청 처리 시작 시각 : 2025/02/11 15:05:58
 요청 처리 종료 시각 : 2025/02/11 15:05:58
 요청 처리 소요 시간 : 1739253958061ms 
-------------------------
 접속한 클라이언트 IP : 0:0:0:0:0:0:0:1
 접근한 URL 경로 : /jspEx01/book.jsp?id=ISBN1234
 요청 처리 시작 시각 : 2025/02/11 15:05:59
 요청 처리 종료 시각 : 2025/02/11 15:05:59
 요청 처리 소요 시간 : 1739253959435ms 
-------------------------
 접속한 클라이언트 IP : 0:0:0:0:0:0:0:1
 접근한 URL 경로 : /jspEx01/cart.jsp
 요청 처리 시작 시각 : 2025/02/11 15:06:01
 요청 처리 종료 시각 : 2025/02/11 15:06:01
 요청 처리 소요 시간 : 1739253961267ms 
-------------------------
 접속한 클라이언트 IP : 0:0:0:0:0:0:0:1
 접근한 URL 경로 : /jspEx01/books.jsp
 요청 처리 시작 시각 : 2025/02/11 15:08:30
 요청 처리 종료 시각 : 2025/02/11 15:08:30
 요청 처리 소요 시간 : 1739254110276ms 
-------------------------
 접속한 클라이언트 IP : 0:0:0:0:0:0:0:1
 접근한 URL 경로 : /jspEx01/book.jsp?id=ISBN1235
 요청 처리 시작 시각 : 2025/02/11 15:08:32
 요청 처리 종료 시각 : 2025/02/11 15:08:32
 요청 처리 소요 시간 : 1739254112732ms 
-------------------------
 접속한 클라이언트 IP : 0:0:0:0:0:0:0:1
 접근한 URL 경로 : /jspEx01/cart.jsp
 요청 처리 시작 시각 : 2025/02/11 15:08:34
 요청 처리 종료 시각 : 2025/02/11 15:08:34
 요청 처리 소요 시간 : 1739254114058ms 
-------------------------
 접속한 클라이언트 IP : 0:0:0:0:0:0:0:1
 접근한 URL 경로 : /jspEx01/book.jsp
 요청 처리 시작 시각 : 2025/02/11 15:43:44
 접속한 클라이언트 IP : 0:0:0:0:0:0:0:1
 접근한 URL 경로 : /jspEx01/book.jsp?id=ISBN1234
 요청 처리 시작 시각 : 2025/02/11 15:43:50
 요청 처리 종료 시각 : 2025/02/11 15:43:50
 요청 처리 소요 시간 : 1739256230415ms 
-------------------------
 접속한 클라이언트 IP : 0:0:0:0:0:0:0:1
 접근한 URL 경로 : /jspEx01/books.jsp
 요청 처리 시작 시각 : 2025/02/11 15:43:53
 요청 처리 종료 시각 : 2025/02/11 15:43:53
 요청 처리 소요 시간 : 1739256233172ms 
-------------------------
 접속한 클라이언트 IP : 0:0:0:0:0:0:0:1
 접근한 URL 경로 : /jspEx01/books.jsp
 요청 처리 시작 시각 : 2025/02/11 15:43:53
 요청 처리 종료 시각 : 2025/02/11 15:43:53
 요청 처리 소요 시간 : 1739256233348ms 
-------------------------
 접속한 클라이언트 IP : 0:0:0:0:0:0:0:1
 접근한 URL 경로 : /jspEx01/book.jsp?id=ISBN1234
 요청 처리 시작 시각 : 2025/02/11 15:43:54
 요청 처리 종료 시각 : 2025/02/11 15:43:54
 요청 처리 소요 시간 : 1739256234419ms 
-------------------------
 접속한 클라이언트 IP : 0:0:0:0:0:0:0:1
 접근한 URL 경로 : /jspEx01/addCart.jsp?id=ISBN1234
 요청 처리 시작 시각 : 2025/02/11 15:43:57
 요청 처리 종료 시각 : 2025/02/11 15:43:57
 요청 처리 소요 시간 : 1739256237556ms 
-------------------------
 접속한 클라이언트 IP : 0:0:0:0:0:0:0:1
 접근한 URL 경로 : /jspEx01/book.jsp?id=ISBN1234
 요청 처리 시작 시각 : 2025/02/11 15:43:57
 요청 처리 종료 시각 : 2025/02/11 15:43:57
 요청 처리 소요 시간 : 1739256237796ms 
-------------------------
 접속한 클라이언트 IP : 0:0:0:0:0:0:0:1
 접근한 URL 경로 : /jspEx01/cart.jsp
 요청 처리 시작 시각 : 2025/02/11 15:43:59
 요청 처리 종료 시각 : 2025/02/11 15:44:00
 요청 처리 소요 시간 : 1739256239931ms 
-------------------------
 접속한 클라이언트 IP : 0:0:0:0:0:0:0:1
 접근한 URL 경로 : /jspEx01/cart.jsp
 요청 처리 시작 시각 : 2025/02/11 15:45:07
 요청 처리 종료 시각 : 2025/02/11 15:45:07
 요청 처리 소요 시간 : 1739256307976ms 
-------------------------
 접속한 클라이언트 IP : 0:0:0:0:0:0:0:1
 접근한 URL 경로 : /jspEx01/cart.jsp
 요청 처리 시작 시각 : 2025/02/11 15:45:08
 요청 처리 종료 시각 : 2025/02/11 15:45:08
 요청 처리 소요 시간 : 1739256308389ms 
-------------------------
 접속한 클라이언트 IP : 0:0:0:0:0:0:0:1
 접근한 URL 경로 : /jspEx01/cart.jsp
 요청 처리 시작 시각 : 2025/02/11 15:45:08
 요청 처리 종료 시각 : 2025/02/11 15:45:08
 요청 처리 소요 시간 : 1739256308550ms 
-------------------------
 접속한 클라이언트 IP : 0:0:0:0:0:0:0:1
 접근한 URL 경로 : /jspEx01/cart.jsp
 요청 처리 시작 시각 : 2025/02/11 15:45:08
 요청 처리 종료 시각 : 2025/02/11 15:45:08
 요청 처리 소요 시간 : 1739256308677ms 
-------------------------
 접속한 클라이언트 IP : 0:0:0:0:0:0:0:1
 접근한 URL 경로 : /jspEx01/welcome.jsp
 요청 처리 시작 시각 : 2025/02/11 15:45:09
 요청 처리 종료 시각 : 2025/02/11 15:45:09
 요청 처리 소요 시간 : 1739256309250ms 
-------------------------
 접속한 클라이언트 IP : 0:0:0:0:0:0:0:1
 접근한 URL 경로 : /jspEx01/book.jsp?id=ISBN1234
 요청 처리 시작 시각 : 2025/02/11 15:45:16
 요청 처리 종료 시각 : 2025/02/11 15:45:16
 요청 처리 소요 시간 : 1739256316165ms 
-------------------------
 접속한 클라이언트 IP : 0:0:0:0:0:0:0:1
 접근한 URL 경로 : /jspEx01/book.jsp?id=ISBN1234
 요청 처리 시작 시각 : 2025/02/11 15:45:16
 요청 처리 종료 시각 : 2025/02/11 15:45:16
 요청 처리 소요 시간 : 1739256316662ms 
-------------------------
 접속한 클라이언트 IP : 0:0:0:0:0:0:0:1
 접근한 URL 경로 : /jspEx01/books.jsp
 요청 처리 시작 시각 : 2025/02/11 15:45:19
 요청 처리 종료 시각 : 2025/02/11 15:45:19
 요청 처리 소요 시간 : 1739256319535ms 
-------------------------
 접속한 클라이언트 IP : 0:0:0:0:0:0:0:1
 접근한 URL 경로 : /jspEx01/books.jsp
 요청 처리 시작 시각 : 2025/02/11 15:45:19
 요청 처리 종료 시각 : 2025/02/11 15:45:19
 요청 처리 소요 시간 : 1739256319725ms 
-------------------------
 접속한 클라이언트 IP : 0:0:0:0:0:0:0:1
 접근한 URL 경로 : /jspEx01/books.jsp
 요청 처리 시작 시각 : 2025/02/11 15:45:19
 요청 처리 종료 시각 : 2025/02/11 15:45:19
 요청 처리 소요 시간 : 1739256319885ms 
-------------------------
 접속한 클라이언트 IP : 0:0:0:0:0:0:0:1
 접근한 URL 경로 : /jspEx01/book.jsp?id=ISBN1235
 요청 처리 시작 시각 : 2025/02/11 15:45:20
 요청 처리 종료 시각 : 2025/02/11 15:45:20
 요청 처리 소요 시간 : 1739256320834ms 
-------------------------
 접속한 클라이언트 IP : 0:0:0:0:0:0:0:1
 접근한 URL 경로 : /jspEx01/addCart.jsp?id=ISBN1235
 요청 처리 시작 시각 : 2025/02/11 15:45:23
 요청 처리 종료 시각 : 2025/02/11 15:45:23
 요청 처리 소요 시간 : 1739256323162ms 
-------------------------
 접속한 클라이언트 IP : 0:0:0:0:0:0:0:1
 접근한 URL 경로 : /jspEx01/book.jsp?id=ISBN1235
 요청 처리 시작 시각 : 2025/02/11 15:45:23
 요청 처리 종료 시각 : 2025/02/11 15:45:23
 요청 처리 소요 시간 : 1739256323168ms 
-------------------------
 접속한 클라이언트 IP : 0:0:0:0:0:0:0:1
 접근한 URL 경로 : /jspEx01/cart.jsp
 요청 처리 시작 시각 : 2025/02/11 15:45:24
 요청 처리 종료 시각 : 2025/02/11 15:45:24
 요청 처리 소요 시간 : 1739256324943ms 
-------------------------
 접속한 클라이언트 IP : 0:0:0:0:0:0:0:1
 접근한 URL 경로 : /jspEx01/addCart.jsp?id=ISBN1235
 요청 처리 시작 시각 : 2025/02/11 15:46:39
 요청 처리 종료 시각 : 2025/02/11 15:46:39
 요청 처리 소요 시간 : 1739256399237ms 
-------------------------
 접속한 클라이언트 IP : 0:0:0:0:0:0:0:1
 접근한 URL 경로 : /jspEx01/book.jsp?id=ISBN1235
 요청 처리 시작 시각 : 2025/02/11 15:46:39
 요청 처리 종료 시각 : 2025/02/11 15:46:39
 요청 처리 소요 시간 : 1739256399240ms 
-------------------------
 접속한 클라이언트 IP : 0:0:0:0:0:0:0:1
 접근한 URL 경로 : /jspEx01/book.jsp?id=ISBN1234
 요청 처리 시작 시각 : 2025/02/11 15:46:51
 요청 처리 종료 시각 : 2025/02/11 15:46:51
 요청 처리 소요 시간 : 1739256411188ms 
-------------------------
 접속한 클라이언트 IP : 0:0:0:0:0:0:0:1
 접근한 URL 경로 : /jspEx01/addCart.jsp?id=ISBN1234
 요청 처리 시작 시각 : 2025/02/11 15:46:53
 요청 처리 종료 시각 : 2025/02/11 15:46:53
 요청 처리 소요 시간 : 1739256413858ms 
-------------------------
 접속한 클라이언트 IP : 0:0:0:0:0:0:0:1
 접근한 URL 경로 : /jspEx01/book.jsp?id=ISBN1234
 요청 처리 시작 시각 : 2025/02/11 15:46:53
 요청 처리 종료 시각 : 2025/02/11 15:46:53
 요청 처리 소요 시간 : 1739256413863ms 
-------------------------
 접속한 클라이언트 IP : 0:0:0:0:0:0:0:1
 접근한 URL 경로 : /jspEx01/book.jsp?id=ISBN1234
 요청 처리 시작 시각 : 2025/02/11 15:48:08
 요청 처리 종료 시각 : 2025/02/11 15:48:08
 요청 처리 소요 시간 : 1739256488766ms 
-------------------------
 접속한 클라이언트 IP : 0:0:0:0:0:0:0:1
 접근한 URL 경로 : /jspEx01/book.jsp?id=ISBN1234
 요청 처리 시작 시각 : 2025/02/11 15:48:08
 요청 처리 종료 시각 : 2025/02/11 15:48:08
 요청 처리 소요 시간 : 1739256488925ms 
-------------------------
 접속한 클라이언트 IP : 0:0:0:0:0:0:0:1
 접근한 URL 경로 : /jspEx01/book.jsp?id=ISBN1234
 요청 처리 시작 시각 : 2025/02/11 15:48:09
 요청 처리 종료 시각 : 2025/02/11 15:48:09
 요청 처리 소요 시간 : 1739256489253ms 
-------------------------
 접속한 클라이언트 IP : 0:0:0:0:0:0:0:1
 접근한 URL 경로 : /jspEx01/books.jsp
 요청 처리 시작 시각 : 2025/02/11 15:48:10
 요청 처리 종료 시각 : 2025/02/11 15:48:10
 요청 처리 소요 시간 : 1739256490047ms 
-------------------------
 접속한 클라이언트 IP : 0:0:0:0:0:0:0:1
 접근한 URL 경로 : /jspEx01/books.jsp
 요청 처리 시작 시각 : 2025/02/11 15:48:10
 요청 처리 종료 시각 : 2025/02/11 15:48:10
 요청 처리 소요 시간 : 1739256490229ms 
-------------------------
 접속한 클라이언트 IP : 0:0:0:0:0:0:0:1
 접근한 URL 경로 : /jspEx01/books.jsp
 요청 처리 시작 시각 : 2025/02/11 15:48:10
 요청 처리 종료 시각 : 2025/02/11 15:48:10
 요청 처리 소요 시간 : 1739256490381ms 
-------------------------
 접속한 클라이언트 IP : 0:0:0:0:0:0:0:1
 접근한 URL 경로 : /jspEx01/books.jsp
 요청 처리 시작 시각 : 2025/02/11 15:48:10
 요청 처리 종료 시각 : 2025/02/11 15:48:10
 요청 처리 소요 시간 : 1739256490542ms 
-------------------------
 접속한 클라이언트 IP : 0:0:0:0:0:0:0:1
 접근한 URL 경로 : /jspEx01/books.jsp
 요청 처리 시작 시각 : 2025/02/11 15:48:10
 요청 처리 종료 시각 : 2025/02/11 15:48:10
 요청 처리 소요 시간 : 1739256490717ms 
-------------------------
 접속한 클라이언트 IP : 0:0:0:0:0:0:0:1
 접근한 URL 경로 : /jspEx01/book.jsp?id=ISBN1235
 요청 처리 시작 시각 : 2025/02/11 15:48:11
 요청 처리 종료 시각 : 2025/02/11 15:48:11
 요청 처리 소요 시간 : 1739256491481ms 
-------------------------
 접속한 클라이언트 IP : 0:0:0:0:0:0:0:1
 접근한 URL 경로 : /jspEx01/addCart.jsp?id=ISBN1235
 요청 처리 시작 시각 : 2025/02/11 15:48:13
 요청 처리 종료 시각 : 2025/02/11 15:48:13
 요청 처리 소요 시간 : 1739256493602ms 
-------------------------
 접속한 클라이언트 IP : 0:0:0:0:0:0:0:1
 접근한 URL 경로 : /jspEx01/book.jsp?id=ISBN1235
 요청 처리 시작 시각 : 2025/02/11 15:48:13
 요청 처리 종료 시각 : 2025/02/11 15:48:13
 요청 처리 소요 시간 : 1739256493848ms 
-------------------------
 접속한 클라이언트 IP : 0:0:0:0:0:0:0:1
 접근한 URL 경로 : /jspEx01/books.jsp
 요청 처리 시작 시각 : 2025/02/11 16:47:40
 요청 처리 종료 시각 : 2025/02/11 16:47:40
 요청 처리 소요 시간 : 1739260060183ms 
-------------------------
 접속한 클라이언트 IP : 0:0:0:0:0:0:0:1
 접근한 URL 경로 : /jspEx01/book.jsp?id=ISBN1234
 요청 처리 시작 시각 : 2025/02/11 16:47:41
 요청 처리 종료 시각 : 2025/02/11 16:47:41
 요청 처리 소요 시간 : 1739260061818ms 
-------------------------
 접속한 클라이언트 IP : 0:0:0:0:0:0:0:1
 접근한 URL 경로 : /jspEx01/addCart.jsp?id=ISBN1234
 요청 처리 시작 시각 : 2025/02/11 16:47:44
 요청 처리 종료 시각 : 2025/02/11 16:47:45
 요청 처리 소요 시간 : 1739260064914ms 
-------------------------
 접속한 클라이언트 IP : 0:0:0:0:0:0:0:1
 접근한 URL 경로 : /jspEx01/book.jsp?id=ISBN1234
 요청 처리 시작 시각 : 2025/02/11 16:47:45
 요청 처리 종료 시각 : 2025/02/11 16:47:45
 요청 처리 소요 시간 : 1739260065008ms 
-------------------------
 접속한 클라이언트 IP : 0:0:0:0:0:0:0:1
 접근한 URL 경로 : /jspEx01/cart.jsp
 요청 처리 시작 시각 : 2025/02/11 16:47:46
 요청 처리 종료 시각 : 2025/02/11 16:47:46
 요청 처리 소요 시간 : 1739260066437ms 
-------------------------
 접속한 클라이언트 IP : 0:0:0:0:0:0:0:1
 접근한 URL 경로 : /jspEx01/book.jsp?id=ISBN1235
 요청 처리 시작 시각 : 2025/02/11 16:49:36
 요청 처리 종료 시각 : 2025/02/11 16:49:36
 요청 처리 소요 시간 : 1739260176324ms 
-------------------------
 접속한 클라이언트 IP : 0:0:0:0:0:0:0:1
 접근한 URL 경로 : /jspEx01/addCart.jsp?id=ISBN1235
 요청 처리 시작 시각 : 2025/02/11 16:50:03
 요청 처리 종료 시각 : 2025/02/11 16:50:03
 요청 처리 소요 시간 : 1739260203512ms 
-------------------------
 접속한 클라이언트 IP : 0:0:0:0:0:0:0:1
 접근한 URL 경로 : /jspEx01/book.jsp?id=ISBN1235
 요청 처리 시작 시각 : 2025/02/11 16:50:03
 요청 처리 종료 시각 : 2025/02/11 16:50:03
 요청 처리 소요 시간 : 1739260203516ms 
-------------------------
 접속한 클라이언트 IP : 0:0:0:0:0:0:0:1
 접근한 URL 경로 : /jspEx01/books.jsp
 요청 처리 시작 시각 : 2025/02/11 16:50:05
 요청 처리 종료 시각 : 2025/02/11 16:50:05
 요청 처리 소요 시간 : 1739260205172ms 
-------------------------
 접속한 클라이언트 IP : 0:0:0:0:0:0:0:1
 접근한 URL 경로 : /jspEx01/book.jsp?id=ISBN1235
 요청 처리 시작 시각 : 2025/02/11 16:50:06
 요청 처리 종료 시각 : 2025/02/11 16:50:06
 요청 처리 소요 시간 : 1739260206797ms 
-------------------------
 접속한 클라이언트 IP : 0:0:0:0:0:0:0:1
 접근한 URL 경로 : /jspEx01/book.jsp
 요청 처리 시작 시각 : 2025/02/11 16:51:06
 접속한 클라이언트 IP : 0:0:0:0:0:0:0:1
 접근한 URL 경로 : /jspEx01/books.jsp
 요청 처리 시작 시각 : 2025/02/11 16:51:10
 요청 처리 종료 시각 : 2025/02/11 16:51:10
 요청 처리 소요 시간 : 1739260270864ms 
-------------------------
 접속한 클라이언트 IP : 0:0:0:0:0:0:0:1
 접근한 URL 경로 : /jspEx01/book.jsp?id=ISBN1234
 요청 처리 시작 시각 : 2025/02/11 16:51:12
 요청 처리 종료 시각 : 2025/02/11 16:51:12
 요청 처리 소요 시간 : 1739260272526ms 
-------------------------
 접속한 클라이언트 IP : 0:0:0:0:0:0:0:1
 접근한 URL 경로 : /jspEx01/addCart.jsp?id=ISBN1234
 요청 처리 시작 시각 : 2025/02/11 16:51:16
 요청 처리 종료 시각 : 2025/02/11 16:51:16
 요청 처리 소요 시간 : 1739260276336ms 
-------------------------
 접속한 클라이언트 IP : 0:0:0:0:0:0:0:1
 접근한 URL 경로 : /jspEx01/book.jsp?id=ISBN1234
 요청 처리 시작 시각 : 2025/02/11 16:51:16
 요청 처리 종료 시각 : 2025/02/11 16:51:16
 요청 처리 소요 시간 : 1739260276339ms 
-------------------------
 접속한 클라이언트 IP : 0:0:0:0:0:0:0:1
 접근한 URL 경로 : /jspEx01/cart.jsp
 요청 처리 시작 시각 : 2025/02/11 16:51:18
 요청 처리 종료 시각 : 2025/02/11 16:51:18
 요청 처리 소요 시간 : 1739260278461ms 
-------------------------
 접속한 클라이언트 IP : 0:0:0:0:0:0:0:1
 접근한 URL 경로 : /jspEx01/books.jsp
 요청 처리 시작 시각 : 2025/02/11 16:55:47
 요청 처리 종료 시각 : 2025/02/11 16:55:47
 요청 처리 소요 시간 : 1739260547874ms 
-------------------------
 접속한 클라이언트 IP : 0:0:0:0:0:0:0:1
 접근한 URL 경로 : /jspEx01/books.jsp
 요청 처리 시작 시각 : 2025/02/11 16:55:48
 요청 처리 종료 시각 : 2025/02/11 16:55:48
 요청 처리 소요 시간 : 1739260548017ms 
-------------------------
 접속한 클라이언트 IP : 0:0:0:0:0:0:0:1
 접근한 URL 경로 : /jspEx01/books.jsp
 요청 처리 시작 시각 : 2025/02/11 16:55:48
 요청 처리 종료 시각 : 2025/02/11 16:55:48
 요청 처리 소요 시간 : 1739260548169ms 
-------------------------
 접속한 클라이언트 IP : 0:0:0:0:0:0:0:1
 접근한 URL 경로 : /jspEx01/books.jsp
 요청 처리 시작 시각 : 2025/02/11 16:55:48
 요청 처리 종료 시각 : 2025/02/11 16:55:48
 요청 처리 소요 시간 : 1739260548321ms 
-------------------------
 접속한 클라이언트 IP : 0:0:0:0:0:0:0:1
 접근한 URL 경로 : /jspEx01/books.jsp
 요청 처리 시작 시각 : 2025/02/11 16:55:48
 요청 처리 종료 시각 : 2025/02/11 16:55:48
 요청 처리 소요 시간 : 1739260548448ms 
-------------------------
 접속한 클라이언트 IP : 0:0:0:0:0:0:0:1
 접근한 URL 경로 : /jspEx01/book.jsp?id=ISBN1235
 요청 처리 시작 시각 : 2025/02/11 16:55:49
 요청 처리 종료 시각 : 2025/02/11 16:55:49
 요청 처리 소요 시간 : 1739260549214ms 
-------------------------
 접속한 클라이언트 IP : 0:0:0:0:0:0:0:1
 접근한 URL 경로 : /jspEx01/addCart.jsp?id=ISBN1235
 요청 처리 시작 시각 : 2025/02/11 16:55:51
 요청 처리 종료 시각 : 2025/02/11 16:55:51
 요청 처리 소요 시간 : 1739260551226ms 
-------------------------
 접속한 클라이언트 IP : 0:0:0:0:0:0:0:1
 접근한 URL 경로 : /jspEx01/book.jsp?id=ISBN1235
 요청 처리 시작 시각 : 2025/02/11 16:55:51
 요청 처리 종료 시각 : 2025/02/11 16:55:51
 요청 처리 소요 시간 : 1739260551228ms 
-------------------------
 접속한 클라이언트 IP : 0:0:0:0:0:0:0:1
 접근한 URL 경로 : /jspEx01/cart.jsp
 요청 처리 시작 시각 : 2025/02/11 16:55:52
 요청 처리 종료 시각 : 2025/02/11 16:55:52
 요청 처리 소요 시간 : 1739260552165ms 
-------------------------
 접속한 클라이언트 IP : 0:0:0:0:0:0:0:1
 접근한 URL 경로 : /jspEx01/cart.jsp
 요청 처리 시작 시각 : 2025/02/11 16:56:19
 요청 처리 종료 시각 : 2025/02/11 16:56:19
 요청 처리 소요 시간 : 1739260579690ms 
-------------------------
 접속한 클라이언트 IP : 0:0:0:0:0:0:0:1
 접근한 URL 경로 : /jspEx01/welcome.jsp
 요청 처리 시작 시각 : 2025/02/11 16:56:22
 요청 처리 종료 시각 : 2025/02/11 16:56:22
 요청 처리 소요 시간 : 1739260582012ms 
-------------------------
 접속한 클라이언트 IP : 0:0:0:0:0:0:0:1
 접근한 URL 경로 : /jspEx01/welcome.jsp
 요청 처리 시작 시각 : 2025/02/11 16:56:27
 요청 처리 종료 시각 : 2025/02/11 16:56:27
 요청 처리 소요 시간 : 1739260587056ms 
-------------------------
 접속한 클라이언트 IP : 0:0:0:0:0:0:0:1
 접근한 URL 경로 : /jspEx01/books.jsp
 요청 처리 시작 시각 : 2025/02/11 16:56:27
 요청 처리 종료 시각 : 2025/02/11 16:56:27
 요청 처리 소요 시간 : 1739260587521ms 
-------------------------
 접속한 클라이언트 IP : 0:0:0:0:0:0:0:1
 접근한 URL 경로 : /jspEx01/book.jsp?id=ISBN1235
 요청 처리 시작 시각 : 2025/02/11 16:56:29
 요청 처리 종료 시각 : 2025/02/11 16:56:29
 요청 처리 소요 시간 : 1739260589446ms 
-------------------------
 접속한 클라이언트 IP : 0:0:0:0:0:0:0:1
 접근한 URL 경로 : /jspEx01/addCart.jsp?id=ISBN1235
 요청 처리 시작 시각 : 2025/02/11 16:56:31
 요청 처리 종료 시각 : 2025/02/11 16:56:31
 요청 처리 소요 시간 : 1739260591036ms 
-------------------------
 접속한 클라이언트 IP : 0:0:0:0:0:0:0:1
 접근한 URL 경로 : /jspEx01/book.jsp?id=ISBN1235
 요청 처리 시작 시각 : 2025/02/11 16:56:31
 요청 처리 종료 시각 : 2025/02/11 16:56:31
 요청 처리 소요 시간 : 1739260591039ms 
-------------------------
 접속한 클라이언트 IP : 0:0:0:0:0:0:0:1
 접근한 URL 경로 : /jspEx01/welcome.jsp
 요청 처리 시작 시각 : 2025/02/11 16:56:32
 요청 처리 종료 시각 : 2025/02/11 16:56:32
 요청 처리 소요 시간 : 1739260592084ms 
-------------------------
 접속한 클라이언트 IP : 0:0:0:0:0:0:0:1
 접근한 URL 경로 : /jspEx01/cart.jsp
 요청 처리 시작 시각 : 2025/02/11 16:56:32
 요청 처리 종료 시각 : 2025/02/11 16:56:32
 요청 처리 소요 시간 : 1739260592164ms 
-------------------------
 접속한 클라이언트 IP : 0:0:0:0:0:0:0:1
 접근한 URL 경로 : /jspEx01/welcome.jsp
 요청 처리 시작 시각 : 2025/02/11 16:56:37
 요청 처리 종료 시각 : 2025/02/11 16:56:37
 요청 처리 소요 시간 : 1739260597115ms 
-------------------------
 접속한 클라이언트 IP : 0:0:0:0:0:0:0:1
 접근한 URL 경로 : /jspEx01/welcome.jsp
 요청 처리 시작 시각 : 2025/02/11 16:56:42
 요청 처리 종료 시각 : 2025/02/11 16:56:42
 요청 처리 소요 시간 : 1739260602154ms 
-------------------------
 접속한 클라이언트 IP : 0:0:0:0:0:0:0:1
 접근한 URL 경로 : /jspEx01/welcome.jsp
 요청 처리 시작 시각 : 2025/02/11 16:56:47
 요청 처리 종료 시각 : 2025/02/11 16:56:47
 요청 처리 소요 시간 : 1739260607219ms 
-------------------------
 접속한 클라이언트 IP : 0:0:0:0:0:0:0:1
 접근한 URL 경로 : /jspEx01/welcome.jsp
 요청 처리 시작 시각 : 2025/02/11 16:56:52
 요청 처리 종료 시각 : 2025/02/11 16:56:52
 요청 처리 소요 시간 : 1739260612280ms 
-------------------------
 접속한 클라이언트 IP : 0:0:0:0:0:0:0:1
 접근한 URL 경로 : /jspEx01/welcome.jsp
 요청 처리 시작 시각 : 2025/02/11 16:56:57
 요청 처리 종료 시각 : 2025/02/11 16:56:57
 요청 처리 소요 시간 : 1739260617330ms 
-------------------------
 접속한 클라이언트 IP : 0:0:0:0:0:0:0:1
 접근한 URL 경로 : /jspEx01/welcome.jsp
 요청 처리 시작 시각 : 2025/02/11 16:57:02
 요청 처리 종료 시각 : 2025/02/11 16:57:02
 요청 처리 소요 시간 : 1739260622355ms 
-------------------------
 접속한 클라이언트 IP : 0:0:0:0:0:0:0:1
 접근한 URL 경로 : /jspEx01/welcome.jsp
 요청 처리 시작 시각 : 2025/02/11 16:57:03
 요청 처리 종료 시각 : 2025/02/11 16:57:03
 요청 처리 소요 시간 : 1739260623922ms 
-------------------------
 접속한 클라이언트 IP : 0:0:0:0:0:0:0:1
 접근한 URL 경로 : /jspEx01/welcome.jsp
 요청 처리 시작 시각 : 2025/02/11 16:57:04
 요청 처리 종료 시각 : 2025/02/11 16:57:04
 요청 처리 소요 시간 : 1739260624080ms 
-------------------------
 접속한 클라이언트 IP : 0:0:0:0:0:0:0:1
 접근한 URL 경로 : /jspEx01/welcome.jsp
 요청 처리 시작 시각 : 2025/02/11 16:57:04
 요청 처리 종료 시각 : 2025/02/11 16:57:04
 요청 처리 소요 시간 : 1739260624219ms 
-------------------------
 접속한 클라이언트 IP : 0:0:0:0:0:0:0:1
 접근한 URL 경로 : /jspEx01/book.jsp?id=ISBN1235
 요청 처리 시작 시각 : 2025/02/11 16:57:05
 요청 처리 종료 시각 : 2025/02/11 16:57:05
 요청 처리 소요 시간 : 1739260625138ms 
-------------------------
 접속한 클라이언트 IP : 0:0:0:0:0:0:0:1
 접근한 URL 경로 : /jspEx01/book.jsp?id=ISBN1235
 요청 처리 시작 시각 : 2025/02/11 16:57:05
 요청 처리 종료 시각 : 2025/02/11 16:57:05
 요청 처리 소요 시간 : 1739260625289ms 
-------------------------
 접속한 클라이언트 IP : 0:0:0:0:0:0:0:1
 접근한 URL 경로 : /jspEx01/books.jsp
 요청 처리 시작 시각 : 2025/02/11 16:57:08
 요청 처리 종료 시각 : 2025/02/11 16:57:08
 요청 처리 소요 시간 : 1739260628329ms 
-------------------------
 접속한 클라이언트 IP : 0:0:0:0:0:0:0:1
 접근한 URL 경로 : /jspEx01/books.jsp
 요청 처리 시작 시각 : 2025/02/11 16:57:08
 요청 처리 종료 시각 : 2025/02/11 16:57:08
 요청 처리 소요 시간 : 1739260628481ms 
-------------------------
 접속한 클라이언트 IP : 0:0:0:0:0:0:0:1
 접근한 URL 경로 : /jspEx01/books.jsp
 요청 처리 시작 시각 : 2025/02/11 16:57:08
 요청 처리 종료 시각 : 2025/02/11 16:57:08
 요청 처리 소요 시간 : 1739260628601ms 
-------------------------
 접속한 클라이언트 IP : 0:0:0:0:0:0:0:1
 접근한 URL 경로 : /jspEx01/welcome.jsp
 요청 처리 시작 시각 : 2025/02/11 16:57:09
 요청 처리 종료 시각 : 2025/02/11 16:57:09
 요청 처리 소요 시간 : 1739260629237ms 
-------------------------
 접속한 클라이언트 IP : 0:0:0:0:0:0:0:1
 접근한 URL 경로 : /jspEx01/book.jsp?id=ISBN1236
 요청 처리 시작 시각 : 2025/02/11 16:57:09
 요청 처리 종료 시각 : 2025/02/11 16:57:09
 요청 처리 소요 시간 : 1739260629621ms 
-------------------------
 접속한 클라이언트 IP : 0:0:0:0:0:0:0:1
 접근한 URL 경로 : /jspEx01/addCart.jsp?id=ISBN1236
 요청 처리 시작 시각 : 2025/02/11 16:57:11
 요청 처리 종료 시각 : 2025/02/11 16:57:11
 요청 처리 소요 시간 : 1739260631401ms 
-------------------------
 접속한 클라이언트 IP : 0:0:0:0:0:0:0:1
 접근한 URL 경로 : /jspEx01/book.jsp?id=ISBN1236
 요청 처리 시작 시각 : 2025/02/11 16:57:11
 요청 처리 종료 시각 : 2025/02/11 16:57:11
 요청 처리 소요 시간 : 1739260631492ms 
-------------------------
 접속한 클라이언트 IP : 0:0:0:0:0:0:0:1
 접근한 URL 경로 : /jspEx01/cart.jsp
 요청 처리 시작 시각 : 2025/02/11 16:57:12
 요청 처리 종료 시각 : 2025/02/11 16:57:12
 요청 처리 소요 시간 : 1739260632613ms 
-------------------------
 접속한 클라이언트 IP : 0:0:0:0:0:0:0:1
 접근한 URL 경로 : /jspEx01/welcome.jsp
 요청 처리 시작 시각 : 2025/02/11 16:57:14
 요청 처리 종료 시각 : 2025/02/11 16:57:14
 요청 처리 소요 시간 : 1739260634261ms 
-------------------------
 접속한 클라이언트 IP : 0:0:0:0:0:0:0:1
 접근한 URL 경로 : /jspEx01/welcome.jsp
 요청 처리 시작 시각 : 2025/02/11 16:57:19
 요청 처리 종료 시각 : 2025/02/11 16:57:19
 요청 처리 소요 시간 : 1739260639293ms 
-------------------------
 접속한 클라이언트 IP : 0:0:0:0:0:0:0:1
 접근한 URL 경로 : /jspEx01/welcome.jsp
 요청 처리 시작 시각 : 2025/02/11 16:57:24
 요청 처리 종료 시각 : 2025/02/11 16:57:24
 요청 처리 소요 시간 : 1739260644329ms 
-------------------------
 접속한 클라이언트 IP : 0:0:0:0:0:0:0:1
 접근한 URL 경로 : /jspEx01/welcome.jsp
 요청 처리 시작 시각 : 2025/02/11 16:57:29
 요청 처리 종료 시각 : 2025/02/11 16:57:29
 요청 처리 소요 시간 : 1739260649370ms 
-------------------------
 접속한 클라이언트 IP : 0:0:0:0:0:0:0:1
 접근한 URL 경로 : /jspEx01/books.jsp
 요청 처리 시작 시각 : 2025/02/11 16:59:14
 요청 처리 종료 시각 : 2025/02/11 16:59:14
 요청 처리 소요 시간 : 1739260754494ms 
-------------------------
 접속한 클라이언트 IP : 0:0:0:0:0:0:0:1
 접근한 URL 경로 : /jspEx01/book.jsp?id=ISBN1235
 요청 처리 시작 시각 : 2025/02/11 16:59:16
 요청 처리 종료 시각 : 2025/02/11 16:59:16
 요청 처리 소요 시간 : 1739260756033ms 
-------------------------
 접속한 클라이언트 IP : 0:0:0:0:0:0:0:1
 접근한 URL 경로 : /jspEx01/addCart.jsp?id=ISBN1235
 요청 처리 시작 시각 : 2025/02/11 16:59:17
 요청 처리 종료 시각 : 2025/02/11 16:59:18
 요청 처리 소요 시간 : 1739260757962ms 
-------------------------
 접속한 클라이언트 IP : 0:0:0:0:0:0:0:1
 접근한 URL 경로 : /jspEx01/book.jsp?id=ISBN1235
 요청 처리 시작 시각 : 2025/02/11 16:59:18
 요청 처리 종료 시각 : 2025/02/11 16:59:18
 요청 처리 소요 시간 : 1739260758053ms 
-------------------------
 접속한 클라이언트 IP : 0:0:0:0:0:0:0:1
 접근한 URL 경로 : /jspEx01/cart.jsp
 요청 처리 시작 시각 : 2025/02/11 16:59:19
 요청 처리 종료 시각 : 2025/02/11 16:59:19
 요청 처리 소요 시간 : 1739260759269ms 
-------------------------
 접속한 클라이언트 IP : 0:0:0:0:0:0:0:1
 접근한 URL 경로 : /jspEx01/book.jsp?id=ISBN1235
 요청 처리 시작 시각 : 2025/02/11 17:01:46
 요청 처리 종료 시각 : 2025/02/11 17:01:46
 요청 처리 소요 시간 : 1739260906604ms 
-------------------------
 접속한 클라이언트 IP : 0:0:0:0:0:0:0:1
 접근한 URL 경로 : /jspEx01/book.jsp?id=ISBN1235
 요청 처리 시작 시각 : 2025/02/11 17:01:46
 요청 처리 종료 시각 : 2025/02/11 17:01:46
 요청 처리 소요 시간 : 1739260906753ms 
-------------------------
 접속한 클라이언트 IP : 0:0:0:0:0:0:0:1
 접근한 URL 경로 : /jspEx01/book.jsp?id=ISBN1235
 요청 처리 시작 시각 : 2025/02/11 17:01:46
 요청 처리 종료 시각 : 2025/02/11 17:01:46
 요청 처리 소요 시간 : 1739260906921ms 
-------------------------
 접속한 클라이언트 IP : 0:0:0:0:0:0:0:1
 접근한 URL 경로 : /jspEx01/addCart.jsp?id=ISBN1235
 요청 처리 시작 시각 : 2025/02/11 17:01:48
 요청 처리 종료 시각 : 2025/02/11 17:01:48
 요청 처리 소요 시간 : 1739260908590ms 
-------------------------
 접속한 클라이언트 IP : 0:0:0:0:0:0:0:1
 접근한 URL 경로 : /jspEx01/book.jsp?id=ISBN1235
 요청 처리 시작 시각 : 2025/02/11 17:01:48
 요청 처리 종료 시각 : 2025/02/11 17:01:48
 요청 처리 소요 시간 : 1739260908681ms 
-------------------------
 접속한 클라이언트 IP : 0:0:0:0:0:0:0:1
 접근한 URL 경로 : /jspEx01/cart.jsp
 요청 처리 시작 시각 : 2025/02/11 17:01:49
 요청 처리 종료 시각 : 2025/02/11 17:01:49
 요청 처리 소요 시간 : 1739260909701ms 
-------------------------
 접속한 클라이언트 IP : 0:0:0:0:0:0:0:1
 접근한 URL 경로 : /jspEx01/addCart.jsp?id=ISBN1235
 요청 처리 시작 시각 : 2025/02/11 17:02:01
 요청 처리 종료 시각 : 2025/02/11 17:02:01
 요청 처리 소요 시간 : 1739260921400ms 
-------------------------
 접속한 클라이언트 IP : 0:0:0:0:0:0:0:1
 접근한 URL 경로 : /jspEx01/book.jsp?id=ISBN1235
 요청 처리 시작 시각 : 2025/02/11 17:02:01
 요청 처리 종료 시각 : 2025/02/11 17:02:01
 요청 처리 소요 시간 : 1739260921491ms 
-------------------------
 접속한 클라이언트 IP : 0:0:0:0:0:0:0:1
 접근한 URL 경로 : /jspEx01/cart.jsp
 요청 처리 시작 시각 : 2025/02/11 17:02:02
 요청 처리 종료 시각 : 2025/02/11 17:02:02
 요청 처리 소요 시간 : 1739260922414ms 
-------------------------
 접속한 클라이언트 IP : 0:0:0:0:0:0:0:1
 접근한 URL 경로 : /jspEx01/welcome.jsp
 요청 처리 시작 시각 : 2025/02/11 17:02:07
 요청 처리 종료 시각 : 2025/02/11 17:02:07
 요청 처리 소요 시간 : 1739260927257ms 
-------------------------
 접속한 클라이언트 IP : 0:0:0:0:0:0:0:1
 접근한 URL 경로 : /jspEx01/welcome.jsp
 요청 처리 시작 시각 : 2025/02/11 17:02:08
 요청 처리 종료 시각 : 2025/02/11 17:02:08
 요청 처리 소요 시간 : 1739260928393ms 
-------------------------
 접속한 클라이언트 IP : 0:0:0:0:0:0:0:1
 접근한 URL 경로 : /jspEx01/welcome.jsp
 요청 처리 시작 시각 : 2025/02/11 17:02:08
 요청 처리 종료 시각 : 2025/02/11 17:02:08
 요청 처리 소요 시간 : 1739260928646ms 
-------------------------
 접속한 클라이언트 IP : 0:0:0:0:0:0:0:1
 접근한 URL 경로 : /jspEx01/welcome.jsp
 요청 처리 시작 시각 : 2025/02/11 17:02:08
 요청 처리 종료 시각 : 2025/02/11 17:02:08
 요청 처리 소요 시간 : 1739260928800ms 
-------------------------
 접속한 클라이언트 IP : 0:0:0:0:0:0:0:1
 접근한 URL 경로 : /jspEx01/cart.jsp
 요청 처리 시작 시각 : 2025/02/11 17:02:10
 요청 처리 종료 시각 : 2025/02/11 17:02:10
 요청 처리 소요 시간 : 1739260930492ms 
-------------------------
 접속한 클라이언트 IP : 0:0:0:0:0:0:0:1
 접근한 URL 경로 : /jspEx01/removeCar.jsp?id=ISBN1235
 요청 처리 시작 시각 : 2025/02/11 17:02:11
 요청 처리 종료 시각 : 2025/02/11 17:02:11
 요청 처리 소요 시간 : 1739260931781ms 
-------------------------
 접속한 클라이언트 IP : 0:0:0:0:0:0:0:1
 접근한 URL 경로 : /jspEx01/books.jsp
 요청 처리 시작 시각 : 2025/02/11 17:02:48
 요청 처리 종료 시각 : 2025/02/11 17:02:48
 요청 처리 소요 시간 : 1739260968725ms 
-------------------------
 접속한 클라이언트 IP : 0:0:0:0:0:0:0:1
 접근한 URL 경로 : /jspEx01/book.jsp?id=ISBN1235
 요청 처리 시작 시각 : 2025/02/11 17:02:49
 요청 처리 종료 시각 : 2025/02/11 17:02:49
 요청 처리 소요 시간 : 1739260969866ms 
-------------------------
 접속한 클라이언트 IP : 0:0:0:0:0:0:0:1
 접근한 URL 경로 : /jspEx01/cart.jsp
 요청 처리 시작 시각 : 2025/02/11 17:02:50
 요청 처리 종료 시각 : 2025/02/11 17:02:50
 요청 처리 소요 시간 : 1739260970770ms 
-------------------------
 접속한 클라이언트 IP : 0:0:0:0:0:0:0:1
 접근한 URL 경로 : /jspEx01/welcome.jsp
 요청 처리 시작 시각 : 2025/02/11 17:03:02
 요청 처리 종료 시각 : 2025/02/11 17:03:02
 요청 처리 소요 시간 : 1739260982345ms 
-------------------------
 접속한 클라이언트 IP : 0:0:0:0:0:0:0:1
 접근한 URL 경로 : /jspEx01/welcome.jsp
 요청 처리 시작 시각 : 2025/02/11 17:03:03
 요청 처리 종료 시각 : 2025/02/11 17:03:03
 요청 처리 소요 시간 : 1739260983057ms 
-------------------------
 접속한 클라이언트 IP : 0:0:0:0:0:0:0:1
 접근한 URL 경로 : /jspEx01/cart.jsp
 요청 처리 시작 시각 : 2025/02/11 17:03:04
 요청 처리 종료 시각 : 2025/02/11 17:03:04
 요청 처리 소요 시간 : 1739260984817ms 
-------------------------
 접속한 클라이언트 IP : 0:0:0:0:0:0:0:1
 접근한 URL 경로 : /jspEx01/cart.jsp
 요청 처리 시작 시각 : 2025/02/11 17:03:04
 요청 처리 종료 시각 : 2025/02/11 17:03:04
 요청 처리 소요 시간 : 1739260984966ms 
-------------------------
 접속한 클라이언트 IP : 0:0:0:0:0:0:0:1
 접근한 URL 경로 : /jspEx01/cart.jsp
 요청 처리 시작 시각 : 2025/02/11 17:03:05
 요청 처리 종료 시각 : 2025/02/11 17:03:05
 요청 처리 소요 시간 : 1739260985129ms 
-------------------------
 접속한 클라이언트 IP : 0:0:0:0:0:0:0:1
 접근한 URL 경로 : /jspEx01/cart.jsp
 요청 처리 시작 시각 : 2025/02/11 17:03:05
 요청 처리 종료 시각 : 2025/02/11 17:03:05
 요청 처리 소요 시간 : 1739260985271ms 
-------------------------
 접속한 클라이언트 IP : 0:0:0:0:0:0:0:1
 접근한 URL 경로 : /jspEx01/books.jsp
 요청 처리 시작 시각 : 2025/02/11 17:03:07
 요청 처리 종료 시각 : 2025/02/11 17:03:07
 요청 처리 소요 시간 : 1739260987870ms 
-------------------------
 접속한 클라이언트 IP : 0:0:0:0:0:0:0:1
 접근한 URL 경로 : /jspEx01/book.jsp?id=ISBN1236
 요청 처리 시작 시각 : 2025/02/11 17:03:09
 요청 처리 종료 시각 : 2025/02/11 17:03:09
 요청 처리 소요 시간 : 1739260989164ms 
-------------------------
 접속한 클라이언트 IP : 0:0:0:0:0:0:0:1
 접근한 URL 경로 : /jspEx01/addCart.jsp?id=ISBN1236
 요청 처리 시작 시각 : 2025/02/11 17:03:10
 요청 처리 종료 시각 : 2025/02/11 17:03:10
 요청 처리 소요 시간 : 1739260990970ms 
-------------------------
 접속한 클라이언트 IP : 0:0:0:0:0:0:0:1
 접근한 URL 경로 : /jspEx01/book.jsp?id=ISBN1236
 요청 처리 시작 시각 : 2025/02/11 17:03:10
 요청 처리 종료 시각 : 2025/02/11 17:03:10
 요청 처리 소요 시간 : 1739260990973ms 
-------------------------
 접속한 클라이언트 IP : 0:0:0:0:0:0:0:1
 접근한 URL 경로 : /jspEx01/cart.jsp
 요청 처리 시작 시각 : 2025/02/11 17:03:12
 요청 처리 종료 시각 : 2025/02/11 17:03:12
 요청 처리 소요 시간 : 1739260992020ms 
-------------------------
 접속한 클라이언트 IP : 0:0:0:0:0:0:0:1
 접근한 URL 경로 : /jspEx01/book.jsp?id=ISBN1236
 요청 처리 시작 시각 : 2025/02/11 17:03:29
 요청 처리 종료 시각 : 2025/02/11 17:03:29
 요청 처리 소요 시간 : 1739261009983ms 
-------------------------
 접속한 클라이언트 IP : 0:0:0:0:0:0:0:1
 접근한 URL 경로 : /jspEx01/book.jsp?id=ISBN1236
 요청 처리 시작 시각 : 2025/02/11 17:03:30
 요청 처리 종료 시각 : 2025/02/11 17:03:30
 요청 처리 소요 시간 : 1739261010185ms 
-------------------------
 접속한 클라이언트 IP : 0:0:0:0:0:0:0:1
 접근한 URL 경로 : /jspEx01/book.jsp?id=ISBN1236
 요청 처리 시작 시각 : 2025/02/11 17:03:30
 요청 처리 종료 시각 : 2025/02/11 17:03:30
 요청 처리 소요 시간 : 1739261010335ms 
-------------------------
 접속한 클라이언트 IP : 0:0:0:0:0:0:0:1
 접근한 URL 경로 : /jspEx01/cart.jsp
 요청 처리 시작 시각 : 2025/02/11 17:03:31
 요청 처리 종료 시각 : 2025/02/11 17:03:31
 요청 처리 소요 시간 : 1739261011101ms 
-------------------------
 접속한 클라이언트 IP : 0:0:0:0:0:0:0:1
 접근한 URL 경로 : /jspEx01/addCart.jsp?id=ISBN1236
 요청 처리 시작 시각 : 2025/02/11 17:03:38
 요청 처리 종료 시각 : 2025/02/11 17:03:38
 요청 처리 소요 시간 : 1739261018009ms 
-------------------------
 접속한 클라이언트 IP : 0:0:0:0:0:0:0:1
 접근한 URL 경로 : /jspEx01/book.jsp?id=ISBN1236
 요청 처리 시작 시각 : 2025/02/11 17:03:38
 요청 처리 종료 시각 : 2025/02/11 17:03:38
 요청 처리 소요 시간 : 1739261018011ms 
-------------------------
 접속한 클라이언트 IP : 0:0:0:0:0:0:0:1
 접근한 URL 경로 : /jspEx01/cart.jsp
 요청 처리 시작 시각 : 2025/02/11 17:03:39
 요청 처리 종료 시각 : 2025/02/11 17:03:39
 요청 처리 소요 시간 : 1739261019260ms 
-------------------------
 접속한 클라이언트 IP : 0:0:0:0:0:0:0:1
 접근한 URL 경로 : /jspEx01/book.jsp?id=ISBN1236
 요청 처리 시작 시각 : 2025/02/11 17:03:47
 요청 처리 종료 시각 : 2025/02/11 17:03:47
 요청 처리 소요 시간 : 1739261027918ms 
-------------------------
 접속한 클라이언트 IP : 0:0:0:0:0:0:0:1
 접근한 URL 경로 : /jspEx01/book.jsp?id=ISBN1236
 요청 처리 시작 시각 : 2025/02/11 17:03:48
 요청 처리 종료 시각 : 2025/02/11 17:03:48
 요청 처리 소요 시간 : 1739261028311ms 
-------------------------
 접속한 클라이언트 IP : 0:0:0:0:0:0:0:1
 접근한 URL 경로 : /jspEx01/book.jsp?id=ISBN1236
 요청 처리 시작 시각 : 2025/02/11 17:03:48
 요청 처리 종료 시각 : 2025/02/11 17:03:48
 요청 처리 소요 시간 : 1739261028478ms 
-------------------------
 접속한 클라이언트 IP : 0:0:0:0:0:0:0:1
 접근한 URL 경로 : /jspEx01/addCart.jsp?id=ISBN1236
 요청 처리 시작 시각 : 2025/02/11 17:03:49
 요청 처리 종료 시각 : 2025/02/11 17:03:49
 요청 처리 소요 시간 : 1739261029688ms 
-------------------------
 접속한 클라이언트 IP : 0:0:0:0:0:0:0:1
 접근한 URL 경로 : /jspEx01/book.jsp?id=ISBN1236
 요청 처리 시작 시각 : 2025/02/11 17:03:49
 요청 처리 종료 시각 : 2025/02/11 17:03:49
 요청 처리 소요 시간 : 1739261029790ms 
-------------------------
 접속한 클라이언트 IP : 0:0:0:0:0:0:0:1
 접근한 URL 경로 : /jspEx01/cart.jsp
 요청 처리 시작 시각 : 2025/02/11 17:03:50
 요청 처리 종료 시각 : 2025/02/11 17:03:50
 요청 처리 소요 시간 : 1739261030735ms 
-------------------------
 접속한 클라이언트 IP : 0:0:0:0:0:0:0:1
 접근한 URL 경로 : /jspEx01/addCart.jsp?id=ISBN1236
 요청 처리 시작 시각 : 2025/02/11 17:03:59
 요청 처리 종료 시각 : 2025/02/11 17:03:59
 요청 처리 소요 시간 : 1739261039796ms 
-------------------------
 접속한 클라이언트 IP : 0:0:0:0:0:0:0:1
 접근한 URL 경로 : /jspEx01/book.jsp?id=ISBN1236
 요청 처리 시작 시각 : 2025/02/11 17:03:59
 요청 처리 종료 시각 : 2025/02/11 17:03:59
 요청 처리 소요 시간 : 1739261039893ms 
-------------------------
 접속한 클라이언트 IP : 0:0:0:0:0:0:0:1
 접근한 URL 경로 : /jspEx01/cart.jsp
 요청 처리 시작 시각 : 2025/02/11 17:04:00
 요청 처리 종료 시각 : 2025/02/11 17:04:00
 요청 처리 소요 시간 : 1739261040915ms 
-------------------------
 접속한 클라이언트 IP : 0:0:0:0:0:0:0:1
 접근한 URL 경로 : /jspEx01/book.jsp?id=ISBN1236
 요청 처리 시작 시각 : 2025/02/11 17:05:00
 요청 처리 종료 시각 : 2025/02/11 17:05:00
 요청 처리 소요 시간 : 1739261100081ms 
-------------------------
 접속한 클라이언트 IP : 0:0:0:0:0:0:0:1
 접근한 URL 경로 : /jspEx01/addCart.jsp?id=ISBN1236
 요청 처리 시작 시각 : 2025/02/11 17:05:01
 요청 처리 종료 시각 : 2025/02/11 17:05:01
 요청 처리 소요 시간 : 1739261101567ms 
-------------------------
 접속한 클라이언트 IP : 0:0:0:0:0:0:0:1
 접근한 URL 경로 : /jspEx01/book.jsp?id=ISBN1236
 요청 처리 시작 시각 : 2025/02/11 17:05:01
 요청 처리 종료 시각 : 2025/02/11 17:05:01
 요청 처리 소요 시간 : 1739261101658ms 
-------------------------
 접속한 클라이언트 IP : 0:0:0:0:0:0:0:1
 접근한 URL 경로 : /jspEx01/cart.jsp
 요청 처리 시작 시각 : 2025/02/11 17:05:02
 요청 처리 종료 시각 : 2025/02/11 17:05:02
 요청 처리 소요 시간 : 1739261102700ms 
-------------------------
 접속한 클라이언트 IP : 0:0:0:0:0:0:0:1
 접근한 URL 경로 : /jspEx01/cart.jsp
 요청 처리 시작 시각 : 2025/02/11 17:05:09
 요청 처리 종료 시각 : 2025/02/11 17:05:09
 요청 처리 소요 시간 : 1739261109260ms 
-------------------------
 접속한 클라이언트 IP : 0:0:0:0:0:0:0:1
 접근한 URL 경로 : /jspEx01/cart.jsp
 요청 처리 시작 시각 : 2025/02/11 17:05:10
 요청 처리 종료 시각 : 2025/02/11 17:05:10
 요청 처리 소요 시간 : 1739261110217ms 
-------------------------
 접속한 클라이언트 IP : 0:0:0:0:0:0:0:1
 접근한 URL 경로 : /jspEx01/book.jsp?id=ISBN1236
 요청 처리 시작 시각 : 2025/02/11 17:05:23
 요청 처리 종료 시각 : 2025/02/11 17:05:23
 요청 처리 소요 시간 : 1739261123153ms 
-------------------------
 접속한 클라이언트 IP : 0:0:0:0:0:0:0:1
 접근한 URL 경로 : /jspEx01/book.jsp?id=ISBN1236
 요청 처리 시작 시각 : 2025/02/11 17:05:23
 요청 처리 종료 시각 : 2025/02/11 17:05:23
 요청 처리 소요 시간 : 1739261123287ms 
-------------------------
 접속한 클라이언트 IP : 0:0:0:0:0:0:0:1
 접근한 URL 경로 : /jspEx01/book.jsp?id=ISBN1236
 요청 처리 시작 시각 : 2025/02/11 17:05:23
 요청 처리 종료 시각 : 2025/02/11 17:05:23
 요청 처리 소요 시간 : 1739261123407ms 
-------------------------
 접속한 클라이언트 IP : 0:0:0:0:0:0:0:1
 접근한 URL 경로 : /jspEx01/addCart.jsp?id=ISBN1236
 요청 처리 시작 시각 : 2025/02/11 17:05:24
 요청 처리 종료 시각 : 2025/02/11 17:05:24
 요청 처리 소요 시간 : 1739261124752ms 
-------------------------
 접속한 클라이언트 IP : 0:0:0:0:0:0:0:1
 접근한 URL 경로 : /jspEx01/book.jsp?id=ISBN1236
 요청 처리 시작 시각 : 2025/02/11 17:05:24
 요청 처리 종료 시각 : 2025/02/11 17:05:24
 요청 처리 소요 시간 : 1739261124837ms 
-------------------------
 접속한 클라이언트 IP : 0:0:0:0:0:0:0:1
 접근한 URL 경로 : /jspEx01/cart.jsp
 요청 처리 시작 시각 : 2025/02/11 17:05:25
 요청 처리 종료 시각 : 2025/02/11 17:05:25
 요청 처리 소요 시간 : 1739261125820ms 
-------------------------
 접속한 클라이언트 IP : 0:0:0:0:0:0:0:1
 접근한 URL 경로 : /jspEx01/books.jsp
 요청 처리 시작 시각 : 2025/02/11 17:05:31
 요청 처리 종료 시각 : 2025/02/11 17:05:31
 요청 처리 소요 시간 : 1739261131022ms 
-------------------------
 접속한 클라이언트 IP : 0:0:0:0:0:0:0:1
 접근한 URL 경로 : /jspEx01/book.jsp?id=ISBN1235
 요청 처리 시작 시각 : 2025/02/11 17:05:32
 요청 처리 종료 시각 : 2025/02/11 17:05:32
 요청 처리 소요 시간 : 1739261132513ms 
-------------------------
 접속한 클라이언트 IP : 0:0:0:0:0:0:0:1
 접근한 URL 경로 : /jspEx01/addCart.jsp?id=ISBN1235
 요청 처리 시작 시각 : 2025/02/11 17:05:34
 요청 처리 종료 시각 : 2025/02/11 17:05:34
 요청 처리 소요 시간 : 1739261134205ms 
-------------------------
 접속한 클라이언트 IP : 0:0:0:0:0:0:0:1
 접근한 URL 경로 : /jspEx01/book.jsp?id=ISBN1235
 요청 처리 시작 시각 : 2025/02/11 17:05:34
 요청 처리 종료 시각 : 2025/02/11 17:05:34
 요청 처리 소요 시간 : 1739261134211ms 
-------------------------
 접속한 클라이언트 IP : 0:0:0:0:0:0:0:1
 접근한 URL 경로 : /jspEx01/cart.jsp
 요청 처리 시작 시각 : 2025/02/11 17:05:35
 요청 처리 종료 시각 : 2025/02/11 17:05:35
 요청 처리 소요 시간 : 1739261135443ms 
-------------------------
 접속한 클라이언트 IP : 0:0:0:0:0:0:0:1
 접근한 URL 경로 : /jspEx01/book.jsp?id=ISBN1235
 요청 처리 시작 시각 : 2025/02/11 17:07:17
 요청 처리 종료 시각 : 2025/02/11 17:07:17
 요청 처리 소요 시간 : 1739261237945ms 
-------------------------
 접속한 클라이언트 IP : 0:0:0:0:0:0:0:1
 접근한 URL 경로 : /jspEx01/book.jsp?id=ISBN1235
 요청 처리 시작 시각 : 2025/02/11 17:07:18
 요청 처리 종료 시각 : 2025/02/11 17:07:18
 요청 처리 소요 시간 : 1739261238232ms 
-------------------------
 접속한 클라이언트 IP : 0:0:0:0:0:0:0:1
 접근한 URL 경로 : /jspEx01/addCart.jsp?id=ISBN1235
 요청 처리 시작 시각 : 2025/02/11 17:07:20
 요청 처리 종료 시각 : 2025/02/11 17:07:20
 요청 처리 소요 시간 : 1739261240031ms 
-------------------------
 접속한 클라이언트 IP : 0:0:0:0:0:0:0:1
 접근한 URL 경로 : /jspEx01/book.jsp?id=ISBN1235
 요청 처리 시작 시각 : 2025/02/11 17:07:20
 요청 처리 종료 시각 : 2025/02/11 17:07:20
 요청 처리 소요 시간 : 1739261240121ms 
-------------------------
 접속한 클라이언트 IP : 0:0:0:0:0:0:0:1
 접근한 URL 경로 : /jspEx01/cart.jsp
 요청 처리 시작 시각 : 2025/02/11 17:07:21
 요청 처리 종료 시각 : 2025/02/11 17:07:21
 요청 처리 소요 시간 : 1739261241076ms 
-------------------------
 접속한 클라이언트 IP : 0:0:0:0:0:0:0:1
 접근한 URL 경로 : /jspEx01/book.jsp?id=ISBN1235
 요청 처리 시작 시각 : 2025/02/11 17:07:47
 요청 처리 종료 시각 : 2025/02/11 17:07:47
 요청 처리 소요 시간 : 1739261267497ms 
-------------------------
 접속한 클라이언트 IP : 0:0:0:0:0:0:0:1
 접근한 URL 경로 : /jspEx01/book.jsp?id=ISBN1235
 요청 처리 시작 시각 : 2025/02/11 17:07:47
 요청 처리 종료 시각 : 2025/02/11 17:07:47
 요청 처리 소요 시간 : 1739261267656ms 
-------------------------
 접속한 클라이언트 IP : 0:0:0:0:0:0:0:1
 접근한 URL 경로 : /jspEx01/book.jsp?id=ISBN1235
 요청 처리 시작 시각 : 2025/02/11 17:07:47
 요청 처리 종료 시각 : 2025/02/11 17:07:47
 요청 처리 소요 시간 : 1739261267808ms 
-------------------------
 접속한 클라이언트 IP : 0:0:0:0:0:0:0:1
 접근한 URL 경로 : /jspEx01/book.jsp?id=ISBN1235
 요청 처리 시작 시각 : 2025/02/11 17:07:47
 요청 처리 종료 시각 : 2025/02/11 17:07:47
 요청 처리 소요 시간 : 1739261267926ms 
-------------------------
 접속한 클라이언트 IP : 0:0:0:0:0:0:0:1
 접근한 URL 경로 : /jspEx01/addCart.jsp?id=ISBN1235
 요청 처리 시작 시각 : 2025/02/11 17:07:49
 요청 처리 종료 시각 : 2025/02/11 17:07:49
 요청 처리 소요 시간 : 1739261269261ms 
-------------------------
 접속한 클라이언트 IP : 0:0:0:0:0:0:0:1
 접근한 URL 경로 : /jspEx01/book.jsp?id=ISBN1235
 요청 처리 시작 시각 : 2025/02/11 17:07:49
 요청 처리 종료 시각 : 2025/02/11 17:07:49
 요청 처리 소요 시간 : 1739261269347ms 
-------------------------
 접속한 클라이언트 IP : 0:0:0:0:0:0:0:1
 접근한 URL 경로 : /jspEx01/cart.jsp
 요청 처리 시작 시각 : 2025/02/11 17:07:50
 요청 처리 종료 시각 : 2025/02/11 17:07:50
 요청 처리 소요 시간 : 1739261270268ms 
-------------------------
 접속한 클라이언트 IP : 0:0:0:0:0:0:0:1
 접근한 URL 경로 : /jspEx01/books.jsp
 요청 처리 시작 시각 : 2025/02/11 17:14:04
 요청 처리 종료 시각 : 2025/02/11 17:14:04
 요청 처리 소요 시간 : 1739261644071ms 
-------------------------
 접속한 클라이언트 IP : 0:0:0:0:0:0:0:1
 접근한 URL 경로 : /jspEx01/book.jsp?id=ISBN1235
 요청 처리 시작 시각 : 2025/02/11 17:14:05
 요청 처리 종료 시각 : 2025/02/11 17:14:05
 요청 처리 소요 시간 : 1739261645168ms 
-------------------------
 접속한 클라이언트 IP : 0:0:0:0:0:0:0:1
 접근한 URL 경로 : /jspEx01/addCart.jsp?id=ISBN1235
 요청 처리 시작 시각 : 2025/02/11 17:14:06
 요청 처리 종료 시각 : 2025/02/11 17:14:06
 요청 처리 소요 시간 : 1739261646644ms 
-------------------------
 접속한 클라이언트 IP : 0:0:0:0:0:0:0:1
 접근한 URL 경로 : /jspEx01/book.jsp?id=ISBN1235
 요청 처리 시작 시각 : 2025/02/11 17:14:06
 요청 처리 종료 시각 : 2025/02/11 17:14:06
 요청 처리 소요 시간 : 1739261646651ms 
-------------------------
 접속한 클라이언트 IP : 0:0:0:0:0:0:0:1
 접근한 URL 경로 : /jspEx01/cart.jsp
 요청 처리 시작 시각 : 2025/02/11 17:14:07
 요청 처리 종료 시각 : 2025/02/11 17:14:07
 요청 처리 소요 시간 : 1739261647836ms 
-------------------------
 접속한 클라이언트 IP : 0:0:0:0:0:0:0:1
 접근한 URL 경로 : /jspEx01/removeCart.jsp?id=ISBN1235
 요청 처리 시작 시각 : 2025/02/11 17:14:08
 요청 처리 종료 시각 : 2025/02/11 17:14:09
 요청 처리 소요 시간 : 1739261648939ms 
-------------------------
 접속한 클라이언트 IP : 0:0:0:0:0:0:0:1
 접근한 URL 경로 : /jspEx01/cart.jsp
 요청 처리 시작 시각 : 2025/02/11 17:14:09
 요청 처리 종료 시각 : 2025/02/11 17:14:09
 요청 처리 소요 시간 : 1739261649026ms 
-------------------------
 접속한 클라이언트 IP : 0:0:0:0:0:0:0:1
 접근한 URL 경로 : /jspEx01/deleteCart.jsp?cartId=7C0D5297AD57F28B0B216D00D57B353B
 요청 처리 시작 시각 : 2025/02/11 17:14:11
 요청 처리 종료 시각 : 2025/02/11 17:14:11
 요청 처리 소요 시간 : 1739261651036ms 
-------------------------
 접속한 클라이언트 IP : 0:0:0:0:0:0:0:1
 접근한 URL 경로 : /jspEx01/books.jsp
 요청 처리 시작 시각 : 2025/02/11 17:14:11
 요청 처리 종료 시각 : 2025/02/11 17:14:11
 요청 처리 소요 시간 : 1739261651103ms 
-------------------------
 접속한 클라이언트 IP : 0:0:0:0:0:0:0:1
 접근한 URL 경로 : /jspEx01/book.jsp?id=ISBN1235
 요청 처리 시작 시각 : 2025/02/11 17:14:12
 요청 처리 종료 시각 : 2025/02/11 17:14:12
 요청 처리 소요 시간 : 1739261652388ms 
-------------------------
 접속한 클라이언트 IP : 0:0:0:0:0:0:0:1
 접근한 URL 경로 : /jspEx01/addCart.jsp?id=ISBN1235
 요청 처리 시작 시각 : 2025/02/11 17:14:14
 요청 처리 종료 시각 : 2025/02/11 17:14:14
 요청 처리 소요 시간 : 1739261654241ms 
-------------------------
 접속한 클라이언트 IP : 0:0:0:0:0:0:0:1
 접근한 URL 경로 : /jspEx01/book.jsp?id=ISBN1235
 요청 처리 시작 시각 : 2025/02/11 17:14:14
 요청 처리 종료 시각 : 2025/02/11 17:14:14
 요청 처리 소요 시간 : 1739261654243ms 
-------------------------
 접속한 클라이언트 IP : 0:0:0:0:0:0:0:1
 접근한 URL 경로 : /jspEx01/books.jsp
 요청 처리 시작 시각 : 2025/02/11 17:14:15
 요청 처리 종료 시각 : 2025/02/11 17:14:15
 요청 처리 소요 시간 : 1739261655180ms 
-------------------------
 접속한 클라이언트 IP : 0:0:0:0:0:0:0:1
 접근한 URL 경로 : /jspEx01/book.jsp?id=ISBN1235
 요청 처리 시작 시각 : 2025/02/11 17:14:16
 요청 처리 종료 시각 : 2025/02/11 17:14:16
 요청 처리 소요 시간 : 1739261656139ms 
-------------------------
 접속한 클라이언트 IP : 0:0:0:0:0:0:0:1
 접근한 URL 경로 : /jspEx01/cart.jsp
 요청 처리 시작 시각 : 2025/02/11 17:14:17
 요청 처리 종료 시각 : 2025/02/11 17:14:17
 요청 처리 소요 시간 : 1739261657089ms 
-------------------------
 접속한 클라이언트 IP : 0:0:0:0:0:0:0:1
 접근한 URL 경로 : /jspEx01/deleteCart.jsp?cartId=7C0D5297AD57F28B0B216D00D57B353B
 요청 처리 시작 시각 : 2025/02/11 17:14:18
 요청 처리 종료 시각 : 2025/02/11 17:14:18
 요청 처리 소요 시간 : 1739261658538ms 
-------------------------
 접속한 클라이언트 IP : 0:0:0:0:0:0:0:1
 접근한 URL 경로 : /jspEx01/books.jsp
 요청 처리 시작 시각 : 2025/02/11 17:14:18
 요청 처리 종료 시각 : 2025/02/11 17:14:18
 요청 처리 소요 시간 : 1739261658541ms 
-------------------------
 접속한 클라이언트 IP : 0:0:0:0:0:0:0:1
 접근한 URL 경로 : /jspEx01/book.jsp?id=ISBN1235
 요청 처리 시작 시각 : 2025/02/11 17:14:19
 요청 처리 종료 시각 : 2025/02/11 17:14:19
 요청 처리 소요 시간 : 1739261659716ms 
-------------------------
 접속한 클라이언트 IP : 0:0:0:0:0:0:0:1
 접근한 URL 경로 : /jspEx01/cart.jsp
 요청 처리 시작 시각 : 2025/02/11 17:14:20
 요청 처리 종료 시각 : 2025/02/11 17:14:20
 요청 처리 소요 시간 : 1739261660931ms 
-------------------------
 접속한 클라이언트 IP : 0:0:0:0:0:0:0:1
 접근한 URL 경로 : /jspEx01/deleteCart.jsp?cartId=7C0D5297AD57F28B0B216D00D57B353B
 요청 처리 시작 시각 : 2025/02/11 17:14:23
 요청 처리 종료 시각 : 2025/02/11 17:14:23
 요청 처리 소요 시간 : 1739261663656ms 
-------------------------
 접속한 클라이언트 IP : 0:0:0:0:0:0:0:1
 접근한 URL 경로 : /jspEx01/books.jsp
 요청 처리 시작 시각 : 2025/02/11 17:14:23
 요청 처리 종료 시각 : 2025/02/11 17:14:23
 요청 처리 소요 시간 : 1739261663660ms 
-------------------------
 접속한 클라이언트 IP : 0:0:0:0:0:0:0:1
 접근한 URL 경로 : /jspEx01/book.jsp?id=ISBN1235
 요청 처리 시작 시각 : 2025/02/11 17:14:25
 요청 처리 종료 시각 : 2025/02/11 17:14:25
 요청 처리 소요 시간 : 1739261665292ms 
-------------------------
 접속한 클라이언트 IP : 0:0:0:0:0:0:0:1
 접근한 URL 경로 : /jspEx01/cart.jsp
 요청 처리 시작 시각 : 2025/02/11 17:14:26
 요청 처리 종료 시각 : 2025/02/11 17:14:26
 요청 처리 소요 시간 : 1739261666179ms 
-------------------------
 접속한 클라이언트 IP : 0:0:0:0:0:0:0:1
 접근한 URL 경로 : /jspEx01/cart.jsp
 요청 처리 시작 시각 : 2025/02/11 17:15:17
 요청 처리 종료 시각 : 2025/02/11 17:15:17
 요청 처리 소요 시간 : 1739261717760ms 
-------------------------
 접속한 클라이언트 IP : 0:0:0:0:0:0:0:1
 접근한 URL 경로 : /jspEx01/cart.jsp
 요청 처리 시작 시각 : 2025/02/11 17:15:17
 요청 처리 종료 시각 : 2025/02/11 17:15:17
 요청 처리 소요 시간 : 1739261717985ms 
-------------------------
 접속한 클라이언트 IP : 0:0:0:0:0:0:0:1
 접근한 URL 경로 : /jspEx01/cart.jsp
 요청 처리 시작 시각 : 2025/02/11 17:15:18
 요청 처리 종료 시각 : 2025/02/11 17:15:18
 요청 처리 소요 시간 : 1739261718143ms 
-------------------------
 접속한 클라이언트 IP : 0:0:0:0:0:0:0:1
 접근한 URL 경로 : /jspEx01/cart.jsp
 요청 처리 시작 시각 : 2025/02/11 17:15:18
 요청 처리 종료 시각 : 2025/02/11 17:15:18
 요청 처리 소요 시간 : 1739261718248ms 
-------------------------
 접속한 클라이언트 IP : 0:0:0:0:0:0:0:1
 접근한 URL 경로 : /jspEx01/deleteCart.jsp?cartId=7C0D5297AD57F28B0B216D00D57B353B
 요청 처리 시작 시각 : 2025/02/11 17:15:18
 요청 처리 종료 시각 : 2025/02/11 17:15:18
 요청 처리 소요 시간 : 1739261718893ms 
-------------------------
 접속한 클라이언트 IP : 0:0:0:0:0:0:0:1
 접근한 URL 경로 : /jspEx01/cart.jsp
 요청 처리 시작 시각 : 2025/02/11 17:15:18
 요청 처리 종료 시각 : 2025/02/11 17:15:18
 요청 처리 소요 시간 : 1739261718962ms 
-------------------------
 접속한 클라이언트 IP : 0:0:0:0:0:0:0:1
 접근한 URL 경로 : /jspEx01/ex13/welcome.jsp
 요청 처리 시작 시각 : 2025/02/11 17:24:43
 접속한 클라이언트 IP : 0:0:0:0:0:0:0:1
 접근한 URL 경로 : /jspEx01/ex13/welcome.jsp
 요청 처리 시작 시각 : 2025/02/11 17:24:59
 요청 처리 종료 시각 : 2025/02/11 17:24:59
 요청 처리 소요 시간 : 1739262299320ms 
-------------------------
 접속한 클라이언트 IP : 0:0:0:0:0:0:0:1
 접근한 URL 경로 : /jspEx01/ex13/session_out.jsp
 요청 처리 시작 시각 : 2025/02/11 17:24:59
 요청 처리 종료 시각 : 2025/02/11 17:24:59
 요청 처리 소요 시간 : 1739262299382ms 
-------------------------
 접속한 클라이언트 IP : 0:0:0:0:0:0:0:1
 접근한 URL 경로 : /jspEx01/ex13/session10.jsp
 요청 처리 시작 시각 : 2025/02/11 17:25:11
 요청 처리 종료 시각 : 2025/02/11 17:25:12
 요청 처리 소요 시간 : 1739262311996ms 
-------------------------
 접속한 클라이언트 IP : 0:0:0:0:0:0:0:1
 접근한 URL 경로 : /jspEx01/ex13/session10_process.jsp
 요청 처리 시작 시각 : 2025/02/11 17:25:14
 요청 처리 종료 시각 : 2025/02/11 17:25:14
 요청 처리 소요 시간 : 1739262314763ms 
-------------------------
 접속한 클라이언트 IP : 0:0:0:0:0:0:0:1
 접근한 URL 경로 : /jspEx01/ex13/welcom.jsp
 요청 처리 시작 시각 : 2025/02/11 17:25:14
 요청 처리 종료 시각 : 2025/02/11 17:25:14
 요청 처리 소요 시간 : 1739262314834ms 
-------------------------
 접속한 클라이언트 IP : 0:0:0:0:0:0:0:1
 접근한 URL 경로 : /jspEx01/ex13/session10_process.jsp
 요청 처리 시작 시각 : 2025/02/11 17:25:24
 요청 처리 종료 시각 : 2025/02/11 17:25:24
 요청 처리 소요 시간 : 1739262324729ms 
-------------------------
 접속한 클라이언트 IP : 0:0:0:0:0:0:0:1
 접근한 URL 경로 : /jspEx01/ex13/welcome.jsp
 요청 처리 시작 시각 : 2025/02/11 17:25:24
 요청 처리 종료 시각 : 2025/02/11 17:25:24
 요청 처리 소요 시간 : 1739262324790ms 
-------------------------
 접속한 클라이언트 IP : 0:0:0:0:0:0:0:1
 접근한 URL 경로 : /jspEx01/ex13/session_out.jsp
 요청 처리 시작 시각 : 2025/02/11 17:25:39
 요청 처리 종료 시각 : 2025/02/11 17:25:39
 요청 처리 소요 시간 : 1739262339892ms 
-------------------------
 접속한 클라이언트 IP : 0:0:0:0:0:0:0:1
 접근한 URL 경로 : /jspEx01/ex13/session10.jsp
 요청 처리 시작 시각 : 2025/02/11 17:26:21
 요청 처리 종료 시각 : 2025/02/11 17:26:21
 요청 처리 소요 시간 : 1739262381222ms 
-------------------------
 접속한 클라이언트 IP : 0:0:0:0:0:0:0:1
 접근한 URL 경로 : /jspEx01/ex13/session10_process.jsp
 요청 처리 시작 시각 : 2025/02/11 17:26:24
 요청 처리 종료 시각 : 2025/02/11 17:26:24
 요청 처리 소요 시간 : 1739262384342ms 
-------------------------
 접속한 클라이언트 IP : 0:0:0:0:0:0:0:1
 접근한 URL 경로 : /jspEx01/ex13/welcome.jsp
 요청 처리 시작 시각 : 2025/02/11 17:26:24
 요청 처리 종료 시각 : 2025/02/11 17:26:24
 요청 처리 소요 시간 : 1739262384346ms 
-------------------------
 접속한 클라이언트 IP : 0:0:0:0:0:0:0:1
 접근한 URL 경로 : /jspEx01/ex13/session_out.jsp
 요청 처리 시작 시각 : 2025/02/11 17:26:27
 요청 처리 종료 시각 : 2025/02/11 17:26:27
 요청 처리 소요 시간 : 1739262387072ms 
-------------------------
 접속한 클라이언트 IP : 0:0:0:0:0:0:0:1
 접근한 URL 경로 : /jspEx01/ex13/session10.jsp
 요청 처리 시작 시각 : 2025/02/11 17:26:27
 요청 처리 종료 시각 : 2025/02/11 17:26:27
 요청 처리 소요 시간 : 1739262387129ms 
-------------------------
 접속한 클라이언트 IP : 0:0:0:0:0:0:0:1
 접근한 URL 경로 : /jspEx01/ex14/cookie01.jsp
 요청 처리 시작 시각 : 2025/02/12 09:33:04
 요청 처리 종료 시각 : 2025/02/12 09:33:04
 요청 처리 소요 시간 : 1739320384197ms 
-------------------------
 접속한 클라이언트 IP : 0:0:0:0:0:0:0:1
 접근한 URL 경로 : /jspEx01/ex14/cookie01_process.jsp
 요청 처리 시작 시각 : 2025/02/12 09:33:08
 요청 처리 종료 시각 : 2025/02/12 09:33:08
 요청 처리 소요 시간 : 1739320388123ms 
-------------------------
 접속한 클라이언트 IP : 0:0:0:0:0:0:0:1
 접근한 URL 경로 : /jspEx01/ex14/cookie01.jsp
 요청 처리 시작 시각 : 2025/02/12 09:34:27
 요청 처리 종료 시각 : 2025/02/12 09:34:27
 요청 처리 소요 시간 : 1739320467071ms 
-------------------------
 접속한 클라이언트 IP : 0:0:0:0:0:0:0:1
 접근한 URL 경로 : /jspEx01/ex14/cookie01.jsp
 요청 처리 시작 시각 : 2025/02/12 09:34:27
 요청 처리 종료 시각 : 2025/02/12 09:34:27
 요청 처리 소요 시간 : 1739320467229ms 
-------------------------
 접속한 클라이언트 IP : 0:0:0:0:0:0:0:1
 접근한 URL 경로 : /jspEx01/ex14/cookie01.jsp
 요청 처리 시작 시각 : 2025/02/12 09:34:27
 요청 처리 종료 시각 : 2025/02/12 09:34:27
 요청 처리 소요 시간 : 1739320467360ms 
-------------------------
 접속한 클라이언트 IP : 0:0:0:0:0:0:0:1
 접근한 URL 경로 : /jspEx01/ex14/cookie02_process.jsp
 요청 처리 시작 시각 : 2025/02/12 09:34:27
 요청 처리 종료 시각 : 2025/02/12 09:34:27
 요청 처리 소요 시간 : 1739320467980ms 
-------------------------
 접속한 클라이언트 IP : 0:0:0:0:0:0:0:1
 접근한 URL 경로 : /jspEx01/ex14/cookie01.jsp
 요청 처리 시작 시각 : 2025/02/12 09:34:35
 요청 처리 종료 시각 : 2025/02/12 09:34:35
 요청 처리 소요 시간 : 1739320475640ms 
-------------------------
 접속한 클라이언트 IP : 0:0:0:0:0:0:0:1
 접근한 URL 경로 : /jspEx01/ex14/cookie01.jsp
 요청 처리 시작 시각 : 2025/02/12 09:34:35
 요청 처리 종료 시각 : 2025/02/12 09:34:35
 요청 처리 소요 시간 : 1739320475847ms 
-------------------------
 접속한 클라이언트 IP : 0:0:0:0:0:0:0:1
 접근한 URL 경로 : /jspEx01/ex14/cookie01.jsp
 요청 처리 시작 시각 : 2025/02/12 09:34:35
 요청 처리 종료 시각 : 2025/02/12 09:34:35
 요청 처리 소요 시간 : 1739320475999ms 
-------------------------
 접속한 클라이언트 IP : 0:0:0:0:0:0:0:1
 접근한 URL 경로 : /jspEx01/ex14/cookie02_process.jsp
 요청 처리 시작 시각 : 2025/02/12 09:34:36
 요청 처리 종료 시각 : 2025/02/12 09:34:36
 요청 처리 소요 시간 : 1739320476626ms 
-------------------------
 접속한 클라이언트 IP : 0:0:0:0:0:0:0:1
 접근한 URL 경로 : /jspEx01/ex14/cookie01.jsp
 요청 처리 시작 시각 : 2025/02/12 09:34:41
 요청 처리 종료 시각 : 2025/02/12 09:34:41
 요청 처리 소요 시간 : 1739320481184ms 
-------------------------
 접속한 클라이언트 IP : 0:0:0:0:0:0:0:1
 접근한 URL 경로 : /jspEx01/ex14/cookie01.jsp
 요청 처리 시작 시각 : 2025/02/12 09:34:41
 요청 처리 종료 시각 : 2025/02/12 09:34:41
 요청 처리 소요 시간 : 1739320481341ms 
-------------------------
 접속한 클라이언트 IP : 0:0:0:0:0:0:0:1
 접근한 URL 경로 : /jspEx01/ex14/cookie01.jsp
 요청 처리 시작 시각 : 2025/02/12 09:34:41
 요청 처리 종료 시각 : 2025/02/12 09:34:41
 요청 처리 소요 시간 : 1739320481477ms 
-------------------------
 접속한 클라이언트 IP : 0:0:0:0:0:0:0:1
 접근한 URL 경로 : /jspEx01/ex14/cookie02.jsp
 요청 처리 시작 시각 : 2025/02/12 09:34:44
 요청 처리 종료 시각 : 2025/02/12 09:34:44
 요청 처리 소요 시간 : 1739320484756ms 
-------------------------
 접속한 클라이언트 IP : 0:0:0:0:0:0:0:1
 접근한 URL 경로 : /jspEx01/ex14/cookie02.jsp
 요청 처리 시작 시각 : 2025/02/12 09:35:12
 요청 처리 종료 시각 : 2025/02/12 09:35:12
 요청 처리 소요 시간 : 1739320512920ms 
-------------------------
 접속한 클라이언트 IP : 0:0:0:0:0:0:0:1
 접근한 URL 경로 : /jspEx01/ex14/cookie02.jsp
 요청 처리 시작 시각 : 2025/02/12 09:35:30
 요청 처리 종료 시각 : 2025/02/12 09:35:30
 요청 처리 소요 시간 : 1739320530904ms 
-------------------------
 접속한 클라이언트 IP : 0:0:0:0:0:0:0:1
 접근한 URL 경로 : /jspEx01/ex14/cookie01.jsp
 요청 처리 시작 시각 : 2025/02/12 09:39:43
 요청 처리 종료 시각 : 2025/02/12 09:39:44
 요청 처리 소요 시간 : 1739320783932ms 
-------------------------
 접속한 클라이언트 IP : 0:0:0:0:0:0:0:1
 접근한 URL 경로 : /jspEx01/ex14/cookie01_process.jsp
 요청 처리 시작 시각 : 2025/02/12 09:39:48
 요청 처리 종료 시각 : 2025/02/12 09:39:48
 요청 처리 소요 시간 : 1739320788915ms 
-------------------------
 접속한 클라이언트 IP : 0:0:0:0:0:0:0:1
 접근한 URL 경로 : /jspEx01/ex14/cookie03.jsp
 요청 처리 시작 시각 : 2025/02/12 09:39:58
 접속한 클라이언트 IP : 0:0:0:0:0:0:0:1
 접근한 URL 경로 : /jspEx01/ex14/cookie03.jsp
 요청 처리 시작 시각 : 2025/02/12 09:40:31
 접속한 클라이언트 IP : 0:0:0:0:0:0:0:1
 접근한 URL 경로 : /jspEx01/ex14/cookie02.jsp
 요청 처리 시작 시각 : 2025/02/12 09:40:34
 접속한 클라이언트 IP : 0:0:0:0:0:0:0:1
 접근한 URL 경로 : /jspEx01/ex14/cookie01.jsp
 요청 처리 시작 시각 : 2025/02/12 09:40:47
 요청 처리 종료 시각 : 2025/02/12 09:40:47
 요청 처리 소요 시간 : 1739320847113ms 
-------------------------
 접속한 클라이언트 IP : 0:0:0:0:0:0:0:1
 접근한 URL 경로 : /jspEx01/ex14/cookie03.jsp
 요청 처리 시작 시각 : 2025/02/12 09:40:50
 요청 처리 종료 시각 : 2025/02/12 09:40:50
 요청 처리 소요 시간 : 1739320850531ms 
-------------------------
 접속한 클라이언트 IP : 0:0:0:0:0:0:0:1
 접근한 URL 경로 : /jspEx01/ex14/cookie02.jsp
 요청 처리 시작 시각 : 2025/02/12 09:40:50
 요청 처리 종료 시각 : 2025/02/12 09:40:50
 요청 처리 소요 시간 : 1739320850535ms 
-------------------------
 접속한 클라이언트 IP : 0:0:0:0:0:0:0:1
 접근한 URL 경로 : /jspEx01/ex14/cookie01.jsp
 요청 처리 시작 시각 : 2025/02/12 09:41:00
 요청 처리 종료 시각 : 2025/02/12 09:41:00
 요청 처리 소요 시간 : 1739320860990ms 
-------------------------
 접속한 클라이언트 IP : 0:0:0:0:0:0:0:1
 접근한 URL 경로 : /jspEx01/ex14/cookie01.jsp
 요청 처리 시작 시각 : 2025/02/12 09:41:01
 요청 처리 종료 시각 : 2025/02/12 09:41:01
 요청 처리 소요 시간 : 1739320861134ms 
-------------------------
 접속한 클라이언트 IP : 0:0:0:0:0:0:0:1
 접근한 URL 경로 : /jspEx01/ex14/cookie03.jsp
 요청 처리 시작 시각 : 2025/02/12 09:41:04
 요청 처리 종료 시각 : 2025/02/12 09:41:04
 요청 처리 소요 시간 : 1739320864066ms 
-------------------------
 접속한 클라이언트 IP : 0:0:0:0:0:0:0:1
 접근한 URL 경로 : /jspEx01/ex14/cookie02.jsp
 요청 처리 시작 시각 : 2025/02/12 09:41:04
 요청 처리 종료 시각 : 2025/02/12 09:41:04
 요청 처리 소요 시간 : 1739320864071ms 
-------------------------
 접속한 클라이언트 IP : 0:0:0:0:0:0:0:1
 접근한 URL 경로 : /jspEx01/checkOutCancelled.jsp
 요청 처리 시작 시각 : 2025/02/12 12:41:16
 요청 처리 종료 시각 : 2025/02/12 12:41:16
 요청 처리 소요 시간 : 1739331676048ms 
-------------------------
 접속한 클라이언트 IP : 0:0:0:0:0:0:0:1
 접근한 URL 경로 : /jspEx01/resources/css/bootstrap.min.css
 요청 처리 시작 시각 : 2025/02/12 12:41:16
 요청 처리 종료 시각 : 2025/02/12 12:41:16
 요청 처리 소요 시간 : 1739331676136ms 
-------------------------
 접속한 클라이언트 IP : 0:0:0:0:0:0:0:1
 접근한 URL 경로 : /jspEx01/thankCustomer.jsp
 요청 처리 시작 시각 : 2025/02/12 12:41:22
 접속한 클라이언트 IP : 0:0:0:0:0:0:0:1
 접근한 URL 경로 : /jspEx01/thankCustomer.jsp
 요청 처리 시작 시각 : 2025/02/12 12:47:20
 접속한 클라이언트 IP : 0:0:0:0:0:0:0:1
 접근한 URL 경로 : /jspEx01/books.jsp
 요청 처리 시작 시각 : 2025/02/12 12:47:27
 요청 처리 종료 시각 : 2025/02/12 12:47:27
 요청 처리 소요 시간 : 1739332047404ms 
-------------------------
 접속한 클라이언트 IP : 0:0:0:0:0:0:0:1
 접근한 URL 경로 : /jspEx01/resources/images/ISBN1235.jpg
 요청 처리 시작 시각 : 2025/02/12 12:47:27
 접속한 클라이언트 IP : 0:0:0:0:0:0:0:1
 접속한 클라이언트 IP : 0:0:0:0:0:0:0:1
 접근한 URL 경로 : /jspEx01/resources/images/ISBN1236.jpg
 접근한 URL 경로 : /jspEx01/resources/images/ISBN1234.jpg
 요청 처리 시작 시각 : 2025/02/12 12:47:27
 요청 처리 시작 시각 : 2025/02/12 12:47:27
 요청 처리 종료 시각 : 2025/02/12 12:47:27
 요청 처리 종료 시각 : 2025/02/12 12:47:27
 요청 처리 소요 시간 : 1739332047422ms 
-------------------------
 요청 처리 종료 시각 : 2025/02/12 12:47:27
 요청 처리 소요 시간 : 1739332047422ms 
 요청 처리 소요 시간 : 1739332047422ms 
-------------------------
-------------------------
 접속한 클라이언트 IP : 0:0:0:0:0:0:0:1
 접근한 URL 경로 : /jspEx01/book.jsp?id=ISBN1235
 요청 처리 시작 시각 : 2025/02/12 12:47:29
 요청 처리 종료 시각 : 2025/02/12 12:47:29
 요청 처리 소요 시간 : 1739332049259ms 
-------------------------
 접속한 클라이언트 IP : 0:0:0:0:0:0:0:1
 접근한 URL 경로 : /jspEx01/addCart.jsp?id=ISBN1235
 요청 처리 시작 시각 : 2025/02/12 12:47:31
 요청 처리 종료 시각 : 2025/02/12 12:47:31
 요청 처리 소요 시간 : 1739332051218ms 
-------------------------
 접속한 클라이언트 IP : 0:0:0:0:0:0:0:1
 접근한 URL 경로 : /jspEx01/book.jsp?id=ISBN1235
 요청 처리 시작 시각 : 2025/02/12 12:47:31
 요청 처리 종료 시각 : 2025/02/12 12:47:31
 요청 처리 소요 시간 : 1739332051226ms 
-------------------------
 접속한 클라이언트 IP : 0:0:0:0:0:0:0:1
 접근한 URL 경로 : /jspEx01/cart.jsp
 요청 처리 시작 시각 : 2025/02/12 12:47:32
 요청 처리 종료 시각 : 2025/02/12 12:47:32
 요청 처리 소요 시간 : 1739332052398ms 
-------------------------
 접속한 클라이언트 IP : 0:0:0:0:0:0:0:1
 접근한 URL 경로 : /jspEx01/shippingInfo.jsp?cartId=7129B9F902433B2C624F63218B75A719
 요청 처리 시작 시각 : 2025/02/12 12:47:35
 요청 처리 종료 시각 : 2025/02/12 12:47:35
 요청 처리 소요 시간 : 1739332055031ms 
-------------------------
 접속한 클라이언트 IP : 0:0:0:0:0:0:0:1
 접근한 URL 경로 : /jspEx01/processShippingInfo.jsp
 요청 처리 시작 시각 : 2025/02/12 12:47:36
 요청 처리 종료 시각 : 2025/02/12 12:47:37
 요청 처리 소요 시간 : 1739332056932ms 
-------------------------
 접속한 클라이언트 IP : 0:0:0:0:0:0:0:1
 접근한 URL 경로 : /jspEx01/orderConfirmation.jsp
 요청 처리 시작 시각 : 2025/02/12 12:47:37
 요청 처리 종료 시각 : 2025/02/12 12:47:37
 요청 처리 소요 시간 : 1739332057005ms 
-------------------------
 접속한 클라이언트 IP : 0:0:0:0:0:0:0:1
 접근한 URL 경로 : /jspEx01/thankCustomer.jsp
 요청 처리 시작 시각 : 2025/02/12 12:47:40
 요청 처리 종료 시각 : 2025/02/12 12:47:40
 요청 처리 소요 시간 : 1739332060391ms 
-------------------------
 접속한 클라이언트 IP : 0:0:0:0:0:0:0:1
 접근한 URL 경로 : /jspEx01/books.jsp
 요청 처리 시작 시각 : 2025/02/12 12:47:41
 요청 처리 종료 시각 : 2025/02/12 12:47:41
 요청 처리 소요 시간 : 1739332061608ms 
-------------------------
 접속한 클라이언트 IP : 0:0:0:0:0:0:0:1
 접근한 URL 경로 : /jspEx01/book.jsp?id=ISBN1235
 요청 처리 시작 시각 : 2025/02/12 12:47:42
 요청 처리 종료 시각 : 2025/02/12 12:47:42
 요청 처리 소요 시간 : 1739332062887ms 
-------------------------
 접속한 클라이언트 IP : 0:0:0:0:0:0:0:1
 접근한 URL 경로 : /jspEx01/cart.jsp
 요청 처리 시작 시각 : 2025/02/12 12:47:44
 요청 처리 종료 시각 : 2025/02/12 12:47:44
 요청 처리 소요 시간 : 1739332064046ms 
-------------------------
 접속한 클라이언트 IP : 0:0:0:0:0:0:0:1
 접근한 URL 경로 : /jspEx01/deleteCart.jsp?cartId=4175366FE0786ACD6AD37BBBF1462921
 요청 처리 시작 시각 : 2025/02/12 12:47:45
 요청 처리 종료 시각 : 2025/02/12 12:47:45
 요청 처리 소요 시간 : 1739332065583ms 
-------------------------
 접속한 클라이언트 IP : 0:0:0:0:0:0:0:1
 접근한 URL 경로 : /jspEx01/cart.jsp
 요청 처리 시작 시각 : 2025/02/12 12:47:45
 요청 처리 종료 시각 : 2025/02/12 12:47:45
 요청 처리 소요 시간 : 1739332065588ms 
-------------------------
 접속한 클라이언트 IP : 0:0:0:0:0:0:0:1
 접근한 URL 경로 : /jspEx01/books.jsp
 요청 처리 시작 시각 : 2025/02/12 12:47:46
 요청 처리 종료 시각 : 2025/02/12 12:47:46
 요청 처리 소요 시간 : 1739332066582ms 
-------------------------
 접속한 클라이언트 IP : 0:0:0:0:0:0:0:1
 접근한 URL 경로 : /jspEx01/book.jsp?id=ISBN1234
 요청 처리 시작 시각 : 2025/02/12 12:47:47
 요청 처리 종료 시각 : 2025/02/12 12:47:47
 요청 처리 소요 시간 : 1739332067957ms 
-------------------------
 접속한 클라이언트 IP : 0:0:0:0:0:0:0:1
 접근한 URL 경로 : /jspEx01/addCart.jsp?id=ISBN1234
 요청 처리 시작 시각 : 2025/02/12 12:47:49
 요청 처리 종료 시각 : 2025/02/12 12:47:49
 요청 처리 소요 시간 : 1739332069827ms 
-------------------------
 접속한 클라이언트 IP : 0:0:0:0:0:0:0:1
 접근한 URL 경로 : /jspEx01/book.jsp?id=ISBN1234
 요청 처리 시작 시각 : 2025/02/12 12:47:49
 요청 처리 종료 시각 : 2025/02/12 12:47:49
 요청 처리 소요 시간 : 1739332069830ms 
-------------------------
 접속한 클라이언트 IP : 0:0:0:0:0:0:0:1
 접근한 URL 경로 : /jspEx01/cart.jsp
 요청 처리 시작 시각 : 2025/02/12 12:47:50
 요청 처리 종료 시각 : 2025/02/12 12:47:50
 요청 처리 소요 시간 : 1739332070873ms 
-------------------------
 접속한 클라이언트 IP : 0:0:0:0:0:0:0:1
 접근한 URL 경로 : /jspEx01/shippingInfo.jsp?cartId=236A4848E711881CCC32DA9EC6569CEF
 요청 처리 시작 시각 : 2025/02/12 12:47:52
 요청 처리 종료 시각 : 2025/02/12 12:47:52
 요청 처리 소요 시간 : 1739332072623ms 
-------------------------
 접속한 클라이언트 IP : 0:0:0:0:0:0:0:1
 접근한 URL 경로 : /jspEx01/checkOutCancelled.jsp
 요청 처리 시작 시각 : 2025/02/12 12:47:54
 요청 처리 종료 시각 : 2025/02/12 12:47:54
 요청 처리 소요 시간 : 1739332074142ms 
-------------------------
 접속한 클라이언트 IP : 0:0:0:0:0:0:0:1
 접근한 URL 경로 : /jspEx01/books.jsp
 요청 처리 시작 시각 : 2025/02/12 12:47:55
 요청 처리 종료 시각 : 2025/02/12 12:47:55
 요청 처리 소요 시간 : 1739332075183ms 
-------------------------
 접속한 클라이언트 IP : 0:0:0:0:0:0:0:1
 접근한 URL 경로 : /jspEx01/book.jsp?id=ISBN1235
 요청 처리 시작 시각 : 2025/02/12 12:47:56
 요청 처리 종료 시각 : 2025/02/12 12:47:56
 요청 처리 소요 시간 : 1739332076998ms 
-------------------------
 접속한 클라이언트 IP : 0:0:0:0:0:0:0:1
 접근한 URL 경로 : /jspEx01/cart.jsp
 요청 처리 시작 시각 : 2025/02/12 12:47:58
 요청 처리 종료 시각 : 2025/02/12 12:47:58
 요청 처리 소요 시간 : 1739332078063ms 
-------------------------
 접속한 클라이언트 IP : 0:0:0:0:0:0:0:1
 접근한 URL 경로 : /jspEx01/shippingInfo.jsp?cartId=236A4848E711881CCC32DA9EC6569CEF
 요청 처리 시작 시각 : 2025/02/12 12:47:59
 요청 처리 종료 시각 : 2025/02/12 12:47:59
 요청 처리 소요 시간 : 1739332079279ms 
-------------------------
 접속한 클라이언트 IP : 0:0:0:0:0:0:0:1
 접근한 URL 경로 : /jspEx01/cart.jsp?cartId=236A4848E711881CCC32DA9EC6569CEF
 요청 처리 시작 시각 : 2025/02/12 12:48:01
 요청 처리 종료 시각 : 2025/02/12 12:48:01
 요청 처리 소요 시간 : 1739332081303ms 
-------------------------
 접속한 클라이언트 IP : 0:0:0:0:0:0:0:1
 접근한 URL 경로 : /jspEx01/shippingInfo.jsp?cartId=236A4848E711881CCC32DA9EC6569CEF
 요청 처리 시작 시각 : 2025/02/12 12:48:02
 요청 처리 종료 시각 : 2025/02/12 12:48:02
 요청 처리 소요 시간 : 1739332082622ms 
-------------------------
 접속한 클라이언트 IP : 0:0:0:0:0:0:0:1
 접근한 URL 경로 : /jspEx01/processShippingInfo.jsp
 요청 처리 시작 시각 : 2025/02/12 12:48:03
 요청 처리 종료 시각 : 2025/02/12 12:48:03
 요청 처리 소요 시간 : 1739332083472ms 
-------------------------
 접속한 클라이언트 IP : 0:0:0:0:0:0:0:1
 접근한 URL 경로 : /jspEx01/orderConfirmation.jsp
 요청 처리 시작 시각 : 2025/02/12 12:48:03
 요청 처리 종료 시각 : 2025/02/12 12:48:03
 요청 처리 소요 시간 : 1739332083475ms 
-------------------------
 접속한 클라이언트 IP : 0:0:0:0:0:0:0:1
 접근한 URL 경로 : /jspEx01/ShippingInfo.jsp?cartId=236A4848E711881CCC32DA9EC6569CEF
 요청 처리 시작 시각 : 2025/02/12 12:48:05
 요청 처리 종료 시각 : 2025/02/12 12:48:05
 요청 처리 소요 시간 : 1739332085750ms 
-------------------------
 접속한 클라이언트 IP : 0:0:0:0:0:0:0:1
 접근한 URL 경로 : /jspEx01/ShippingInfo.jsp?cartId=236A4848E711881CCC32DA9EC6569CEF
 요청 처리 시작 시각 : 2025/02/12 12:48:34
 요청 처리 종료 시각 : 2025/02/12 12:48:34
 요청 처리 소요 시간 : 1739332114187ms 
-------------------------
 접속한 클라이언트 IP : 0:0:0:0:0:0:0:1
 접근한 URL 경로 : /jspEx01/ShippingInfo.jsp?cartId=236A4848E711881CCC32DA9EC6569CEF
 요청 처리 시작 시각 : 2025/02/12 12:48:35
 요청 처리 종료 시각 : 2025/02/12 12:48:35
 요청 처리 소요 시간 : 1739332115831ms 
-------------------------
 접속한 클라이언트 IP : 0:0:0:0:0:0:0:1
 접근한 URL 경로 : /jspEx01/orderConfirmation.jsp
 요청 처리 시작 시각 : 2025/02/12 12:48:37
 요청 처리 종료 시각 : 2025/02/12 12:48:37
 요청 처리 소요 시간 : 1739332117858ms 
-------------------------
 접속한 클라이언트 IP : 0:0:0:0:0:0:0:1
 접근한 URL 경로 : /jspEx01/orderConfirmation.jsp
 요청 처리 시작 시각 : 2025/02/12 12:48:38
 요청 처리 종료 시각 : 2025/02/12 12:48:38
 요청 처리 소요 시간 : 1739332118040ms 
-------------------------
 접속한 클라이언트 IP : 0:0:0:0:0:0:0:1
 접근한 URL 경로 : /jspEx01/shippingInfo.jsp?cartId=236A4848E711881CCC32DA9EC6569CEF
 요청 처리 시작 시각 : 2025/02/12 12:48:38
 요청 처리 종료 시각 : 2025/02/12 12:48:38
 요청 처리 소요 시간 : 1739332118758ms 
-------------------------
 접속한 클라이언트 IP : 0:0:0:0:0:0:0:1
 접근한 URL 경로 : /jspEx01/processShippingInfo.jsp
 요청 처리 시작 시각 : 2025/02/12 12:48:40
 요청 처리 종료 시각 : 2025/02/12 12:48:40
 요청 처리 소요 시간 : 1739332120279ms 
-------------------------
 접속한 클라이언트 IP : 0:0:0:0:0:0:0:1
 접근한 URL 경로 : /jspEx01/orderConfirmation.jsp
 요청 처리 시작 시각 : 2025/02/12 12:48:40
 요청 처리 종료 시각 : 2025/02/12 12:48:40
 요청 처리 소요 시간 : 1739332120284ms 
-------------------------
 접속한 클라이언트 IP : 0:0:0:0:0:0:0:1
 접근한 URL 경로 : /jspEx01/checkOutCancelled.jsp
 요청 처리 시작 시각 : 2025/02/12 12:48:42
 요청 처리 종료 시각 : 2025/02/12 12:48:42
 요청 처리 소요 시간 : 1739332122464ms 
-------------------------
 접속한 클라이언트 IP : 0:0:0:0:0:0:0:1
 접근한 URL 경로 : /jspEx01/books.jsp
 요청 처리 시작 시각 : 2025/02/12 12:48:43
 요청 처리 종료 시각 : 2025/02/12 12:48:43
 요청 처리 소요 시간 : 1739332123254ms 
-------------------------
 접속한 클라이언트 IP : 0:0:0:0:0:0:0:1
 접근한 URL 경로 : /jspEx01/ex14/cookie04.jsp
 요청 처리 시작 시각 : 2025/02/12 14:31:57
 요청 처리 종료 시각 : 2025/02/12 14:31:57
 요청 처리 소요 시간 : 1739338317167ms 
-------------------------
 접속한 클라이언트 IP : 0:0:0:0:0:0:0:1
 접근한 URL 경로 : /jspEx01/ex14/cookie04_process.jsp
 요청 처리 시작 시각 : 2025/02/12 14:32:01
 요청 처리 종료 시각 : 2025/02/12 14:32:01
 요청 처리 소요 시간 : 1739338321117ms 
-------------------------
 접속한 클라이언트 IP : 0:0:0:0:0:0:0:1
 접근한 URL 경로 : /jspEx01/ex14/welcome.jsp
 요청 처리 시작 시각 : 2025/02/12 14:32:01
 요청 처리 종료 시각 : 2025/02/12 14:32:01
 요청 처리 소요 시간 : 1739338321182ms 
-------------------------
 접속한 클라이언트 IP : 0:0:0:0:0:0:0:1
 접근한 URL 경로 : /jspEx01/ex14/welcome.jsp
 요청 처리 시작 시각 : 2025/02/12 14:32:43
 요청 처리 종료 시각 : 2025/02/12 14:32:43
 요청 처리 소요 시간 : 1739338363194ms 
-------------------------
 접속한 클라이언트 IP : 0:0:0:0:0:0:0:1
 접근한 URL 경로 : /jspEx01/ex14/cookie04.jsp
 요청 처리 시작 시각 : 2025/02/12 14:32:44
 요청 처리 종료 시각 : 2025/02/12 14:32:44
 요청 처리 소요 시간 : 1739338364757ms 
-------------------------
 접속한 클라이언트 IP : 0:0:0:0:0:0:0:1
 접근한 URL 경로 : /jspEx01/ex14/cookie04.jsp
 요청 처리 시작 시각 : 2025/02/12 14:32:44
 요청 처리 종료 시각 : 2025/02/12 14:32:44
 요청 처리 소요 시간 : 1739338364908ms 
-------------------------
 접속한 클라이언트 IP : 0:0:0:0:0:0:0:1
 접근한 URL 경로 : /jspEx01/ex14/cookie04.jsp
 요청 처리 시작 시각 : 2025/02/12 14:32:45
 요청 처리 종료 시각 : 2025/02/12 14:32:45
 요청 처리 소요 시간 : 1739338365044ms 
-------------------------
 접속한 클라이언트 IP : 0:0:0:0:0:0:0:1
 접근한 URL 경로 : /jspEx01/ex14/cookie04_process.jsp
 요청 처리 시작 시각 : 2025/02/12 14:32:47
 요청 처리 종료 시각 : 2025/02/12 14:32:47
 요청 처리 소요 시간 : 1739338367336ms 
-------------------------
 접속한 클라이언트 IP : 0:0:0:0:0:0:0:1
 접근한 URL 경로 : /jspEx01/ex14/welcome.jsp
 요청 처리 시작 시각 : 2025/02/12 14:32:47
 요청 처리 종료 시각 : 2025/02/12 14:32:47
 요청 처리 소요 시간 : 1739338367340ms 
-------------------------
 접속한 클라이언트 IP : 0:0:0:0:0:0:0:1
 접근한 URL 경로 : /jspEx01/ex14/welcome.jsp
 요청 처리 시작 시각 : 2025/02/12 14:32:59
 요청 처리 종료 시각 : 2025/02/12 14:32:59
 요청 처리 소요 시간 : 1739338379597ms 
-------------------------
 접속한 클라이언트 IP : 0:0:0:0:0:0:0:1
 접근한 URL 경로 : /jspEx01/ex14/welcome.jsp
 요청 처리 시작 시각 : 2025/02/12 14:32:59
 요청 처리 종료 시각 : 2025/02/12 14:32:59
 요청 처리 소요 시간 : 1739338379956ms 
-------------------------
 접속한 클라이언트 IP : 0:0:0:0:0:0:0:1
 접근한 URL 경로 : /jspEx01/ex14/welcome.jsp
 요청 처리 시작 시각 : 2025/02/12 14:33:00
 요청 처리 종료 시각 : 2025/02/12 14:33:00
 요청 처리 소요 시간 : 1739338380108ms 
-------------------------
 접속한 클라이언트 IP : 0:0:0:0:0:0:0:1
 접근한 URL 경로 : /jspEx01/ex14/welcome.jsp
 요청 처리 시작 시각 : 2025/02/12 14:33:05
 요청 처리 종료 시각 : 2025/02/12 14:33:05
 요청 처리 소요 시간 : 1739338385962ms 
-------------------------
 접속한 클라이언트 IP : 0:0:0:0:0:0:0:1
 접근한 URL 경로 : /jspEx01/ex14/cookie_out.jsp
 요청 처리 시작 시각 : 2025/02/12 14:33:07
 요청 처리 종료 시각 : 2025/02/12 14:33:07
 요청 처리 소요 시간 : 1739338387918ms 
-------------------------
 접속한 클라이언트 IP : 0:0:0:0:0:0:0:1
 접근한 URL 경로 : /jspEx01/ex14/cookie04.jsp
 요청 처리 시작 시각 : 2025/02/12 15:43:36
 요청 처리 종료 시각 : 2025/02/12 15:43:36
 요청 처리 소요 시간 : 1739342616782ms 
-------------------------
 접속한 클라이언트 IP : 0:0:0:0:0:0:0:1
 접근한 URL 경로 : /jspEx01/ex14/cookie04_process.jsp
 요청 처리 시작 시각 : 2025/02/12 15:43:39
 요청 처리 종료 시각 : 2025/02/12 15:43:39
 요청 처리 소요 시간 : 1739342619967ms 
-------------------------
 접속한 클라이언트 IP : 0:0:0:0:0:0:0:1
 접근한 URL 경로 : /jspEx01/ex14/welcome.jsp
 요청 처리 시작 시각 : 2025/02/12 15:43:39
 요청 처리 종료 시각 : 2025/02/12 15:43:40
 요청 처리 소요 시간 : 1739342619982ms 
-------------------------
 접속한 클라이언트 IP : 0:0:0:0:0:0:0:1
 접근한 URL 경로 : /jspEx01/ex14/cookie_out.jsp
 요청 처리 시작 시각 : 2025/02/12 15:43:43
 요청 처리 종료 시각 : 2025/02/12 15:43:43
 요청 처리 소요 시간 : 1739342623434ms 
-------------------------
 접속한 클라이언트 IP : 0:0:0:0:0:0:0:1
 접근한 URL 경로 : /jspEx01/ex14/cookie04.jsp
 요청 처리 시작 시각 : 2025/02/12 15:43:43
 요청 처리 종료 시각 : 2025/02/12 15:43:43
 요청 처리 소요 시간 : 1739342623559ms 
-------------------------
 접속한 클라이언트 IP : 0:0:0:0:0:0:0:1
 접근한 URL 경로 : /jspEx01/ex14/cookie04_process.jsp
 요청 처리 시작 시각 : 2025/02/12 15:44:50
 요청 처리 종료 시각 : 2025/02/12 15:44:50
 요청 처리 소요 시간 : 1739342690821ms 
-------------------------
 접속한 클라이언트 IP : 0:0:0:0:0:0:0:1
 접근한 URL 경로 : /jspEx01/ex14/welcome.jsp
 요청 처리 시작 시각 : 2025/02/12 15:44:50
 요청 처리 종료 시각 : 2025/02/12 15:44:50
 요청 처리 소요 시간 : 1739342690825ms 
-------------------------
 접속한 클라이언트 IP : 0:0:0:0:0:0:0:1
 접근한 URL 경로 : /jspEx01/ex14/cookie04.jsp
 요청 처리 시작 시각 : 2025/02/12 16:03:11
 요청 처리 종료 시각 : 2025/02/12 16:03:11
 요청 처리 소요 시간 : 1739343791012ms 
-------------------------
 접속한 클라이언트 IP : 0:0:0:0:0:0:0:1
 접근한 URL 경로 : /jspEx01/ex14/cookie04.jsp
 요청 처리 시작 시각 : 2025/02/12 16:03:14
 요청 처리 종료 시각 : 2025/02/12 16:03:14
 요청 처리 소요 시간 : 1739343794839ms 
-------------------------
 접속한 클라이언트 IP : 0:0:0:0:0:0:0:1
 접근한 URL 경로 : /jspEx01/ex16.jsp
 요청 처리 시작 시각 : 2025/02/12 17:39:40
 요청 처리 종료 시각 : 2025/02/12 17:39:40
 요청 처리 소요 시간 : 1739349580500ms 
-------------------------
 접속한 클라이언트 IP : 0:0:0:0:0:0:0:1
 접근한 URL 경로 : /jspEx01/ex16/insert01.jsp
 요청 처리 시작 시각 : 2025/02/13 09:42:20
 요청 처리 종료 시각 : 2025/02/13 09:42:20
 요청 처리 소요 시간 : 1739407340055ms 
-------------------------
 접속한 클라이언트 IP : 0:0:0:0:0:0:0:1
 접근한 URL 경로 : /jspEx01/ex16/insert01_process.jsp
 요청 처리 시작 시각 : 2025/02/13 09:42:26
 요청 처리 종료 시각 : 2025/02/13 09:42:27
 요청 처리 소요 시간 : 1739407346909ms 
-------------------------
 접속한 클라이언트 IP : 0:0:0:0:0:0:0:1
 접근한 URL 경로 : /jspEx01/ex16/insert01.jsp
 요청 처리 시작 시각 : 2025/02/13 10:26:45
 요청 처리 종료 시각 : 2025/02/13 10:26:45
 요청 처리 소요 시간 : 1739410005875ms 
-------------------------
 접속한 클라이언트 IP : 0:0:0:0:0:0:0:1
 접근한 URL 경로 : /jspEx01/ex16/insert01_process.jsp
 요청 처리 시작 시각 : 2025/02/13 10:27:22
 요청 처리 종료 시각 : 2025/02/13 10:27:23
 요청 처리 소요 시간 : 1739410042937ms 
-------------------------
 접속한 클라이언트 IP : 0:0:0:0:0:0:0:1
 접근한 URL 경로 : /jspEx01/ex16/select01.jsp
 요청 처리 시작 시각 : 2025/02/13 11:08:48
 요청 처리 종료 시각 : 2025/02/13 11:08:48
 요청 처리 소요 시간 : 1739412528445ms 
-------------------------
 접속한 클라이언트 IP : 0:0:0:0:0:0:0:1
 접근한 URL 경로 : /jspEx01/ex16/delete01.jsp
 요청 처리 시작 시각 : 2025/02/13 12:13:11
 요청 처리 종료 시각 : 2025/02/13 12:13:11
 요청 처리 소요 시간 : 1739416391404ms 
-------------------------
 접속한 클라이언트 IP : 0:0:0:0:0:0:0:1
 접근한 URL 경로 : /jspEx01/ex16/update02_process.jsp
 요청 처리 시작 시각 : 2025/02/13 12:13:16
 요청 처리 종료 시각 : 2025/02/13 12:13:16
 요청 처리 소요 시간 : 1739416396336ms 
-------------------------
 접속한 클라이언트 IP : 0:0:0:0:0:0:0:1
 접근한 URL 경로 : /jspEx01/ex16/delete01.jsp
 요청 처리 시작 시각 : 2025/02/13 12:13:22
 요청 처리 종료 시각 : 2025/02/13 12:13:22
 요청 처리 소요 시간 : 1739416402791ms 
-------------------------
 접속한 클라이언트 IP : 0:0:0:0:0:0:0:1
 접근한 URL 경로 : /jspEx01/ex16/update02_process.jsp
 요청 처리 시작 시각 : 2025/02/13 12:13:26
 요청 처리 종료 시각 : 2025/02/13 12:13:26
 요청 처리 소요 시간 : 1739416406329ms 
-------------------------
 접속한 클라이언트 IP : 0:0:0:0:0:0:0:1
 접근한 URL 경로 : /jspEx01/ex16/update02_process.jsp
 요청 처리 시작 시각 : 2025/02/13 12:13:32
 요청 처리 종료 시각 : 2025/02/13 12:13:32
 요청 처리 소요 시간 : 1739416412741ms 
-------------------------
 접속한 클라이언트 IP : 0:0:0:0:0:0:0:1
 접근한 URL 경로 : /jspEx01/ex16/delete01.jsp
 요청 처리 시작 시각 : 2025/02/13 12:13:51
 요청 처리 종료 시각 : 2025/02/13 12:13:51
 요청 처리 소요 시간 : 1739416431058ms 
-------------------------
 접속한 클라이언트 IP : 0:0:0:0:0:0:0:1
 접근한 URL 경로 : /jspEx01/ex16/delete01.jsp
 요청 처리 시작 시각 : 2025/02/13 12:13:51
 요청 처리 종료 시각 : 2025/02/13 12:13:51
 요청 처리 소요 시간 : 1739416431226ms 
-------------------------
 접속한 클라이언트 IP : 0:0:0:0:0:0:0:1
 접근한 URL 경로 : /jspEx01/ex16/delete01.jsp
 요청 처리 시작 시각 : 2025/02/13 12:13:51
 요청 처리 종료 시각 : 2025/02/13 12:13:51
 요청 처리 소요 시간 : 1739416431385ms 
-------------------------
 접속한 클라이언트 IP : 0:0:0:0:0:0:0:1
 접근한 URL 경로 : /jspEx01/ex16/delete01.jsp
 요청 처리 시작 시각 : 2025/02/13 12:13:51
 요청 처리 종료 시각 : 2025/02/13 12:13:51
 요청 처리 소요 시간 : 1739416431514ms 
-------------------------
 접속한 클라이언트 IP : 0:0:0:0:0:0:0:1
 접근한 URL 경로 : /jspEx01/ex16/update02_process.jsp
 요청 처리 시작 시각 : 2025/02/13 12:13:53
 요청 처리 종료 시각 : 2025/02/13 12:13:53
 요청 처리 소요 시간 : 1739416433383ms 
-------------------------
 접속한 클라이언트 IP : 0:0:0:0:0:0:0:1
 접근한 URL 경로 : /jspEx01/ex16/delete01.jsp
 요청 처리 시작 시각 : 2025/02/13 12:14:02
 요청 처리 종료 시각 : 2025/02/13 12:14:02
 요청 처리 소요 시간 : 1739416442476ms 
-------------------------
 접속한 클라이언트 IP : 0:0:0:0:0:0:0:1
 접근한 URL 경로 : /jspEx01/ex16/update02_process.jsp
 요청 처리 시작 시각 : 2025/02/13 12:14:05
 요청 처리 종료 시각 : 2025/02/13 12:14:05
 요청 처리 소요 시간 : 1739416445361ms 
-------------------------
 접속한 클라이언트 IP : 0:0:0:0:0:0:0:1
 접근한 URL 경로 : /jspEx01/ex16/delete01.jsp
 요청 처리 시작 시각 : 2025/02/13 12:14:37
 요청 처리 종료 시각 : 2025/02/13 12:14:37
 요청 처리 소요 시간 : 1739416477683ms 
-------------------------
 접속한 클라이언트 IP : 0:0:0:0:0:0:0:1
 접근한 URL 경로 : /jspEx01/ex16/delete01_process.jsp
 요청 처리 시작 시각 : 2025/02/13 12:14:39
 요청 처리 종료 시각 : 2025/02/13 12:14:40
 요청 처리 소요 시간 : 1739416479924ms 
-------------------------
 접속한 클라이언트 IP : 0:0:0:0:0:0:0:1
 접근한 URL 경로 : /jspEx01/ex16/delete01.jsp
 요청 처리 시작 시각 : 2025/02/13 12:14:55
 요청 처리 종료 시각 : 2025/02/13 12:14:55
 요청 처리 소요 시간 : 1739416495834ms 
-------------------------
 접속한 클라이언트 IP : 0:0:0:0:0:0:0:1
 접근한 URL 경로 : /jspEx01/ex16/delete01_process.jsp
 요청 처리 시작 시각 : 2025/02/13 12:14:58
 요청 처리 종료 시각 : 2025/02/13 12:14:58
 요청 처리 소요 시간 : 1739416498124ms 
-------------------------
 접속한 클라이언트 IP : 0:0:0:0:0:0:0:1
 접근한 URL 경로 : /jspEx01/ex16/insert01_process.jsp
 요청 처리 시작 시각 : 2025/02/13 12:15:06
 요청 처리 종료 시각 : 2025/02/13 12:15:07
 요청 처리 소요 시간 : 1739416506991ms 
-------------------------
 접속한 클라이언트 IP : 0:0:0:0:0:0:0:1
 접근한 URL 경로 : /jspEx01/ex16/select01.jsp
 요청 처리 시작 시각 : 2025/02/13 12:15:15
 요청 처리 종료 시각 : 2025/02/13 12:15:15
 요청 처리 소요 시간 : 1739416515150ms 
-------------------------
 접속한 클라이언트 IP : 0:0:0:0:0:0:0:1
 접근한 URL 경로 : /jspEx01/ex16/select01.jsp
 요청 처리 시작 시각 : 2025/02/13 15:29:05
 요청 처리 종료 시각 : 2025/02/13 15:29:06
 요청 처리 소요 시간 : 1739428145715ms 
-------------------------
 접속한 클라이언트 IP : 0:0:0:0:0:0:0:1
 접근한 URL 경로 : /jspEx01/books.jsp
 요청 처리 시작 시각 : 2025/02/13 15:40:24
 요청 처리 종료 시각 : 2025/02/13 15:40:25
 요청 처리 소요 시간 : 1739428824623ms 
-------------------------
 접속한 클라이언트 IP : 0:0:0:0:0:0:0:1
 접근한 URL 경로 : /jspEx01/resources/images/ISBN1236.jpg
 접속한 클라이언트 IP : 0:0:0:0:0:0:0:1
 접근한 URL 경로 : /jspEx01/resources/images/ISBN1235.jpg
 접속한 클라이언트 IP : 0:0:0:0:0:0:0:1
 접근한 URL 경로 : /jspEx01/resources/css/bootstrap.min.css
 접속한 클라이언트 IP : 0:0:0:0:0:0:0:1
 접근한 URL 경로 : /jspEx01/resources/images/ISBN1234.jpg
 요청 처리 시작 시각 : 2025/02/13 15:40:25
 요청 처리 시작 시각 : 2025/02/13 15:40:25
 요청 처리 시작 시각 : 2025/02/13 15:40:25
 요청 처리 시작 시각 : 2025/02/13 15:40:25
 요청 처리 종료 시각 : 2025/02/13 15:40:25
 요청 처리 종료 시각 : 2025/02/13 15:40:25
 요청 처리 종료 시각 : 2025/02/13 15:40:25
 요청 처리 소요 시간 : 1739428825721ms 
-------------------------
 요청 처리 종료 시각 : 2025/02/13 15:40:25
 요청 처리 소요 시간 : 1739428825720ms 
-------------------------
 요청 처리 소요 시간 : 1739428825721ms 
-------------------------
 요청 처리 소요 시간 : 1739428825721ms 
-------------------------
 접속한 클라이언트 IP : 0:0:0:0:0:0:0:1
 접근한 URL 경로 : /jspEx01/books.jsp
 요청 처리 시작 시각 : 2025/02/13 15:40:31
 요청 처리 종료 시각 : 2025/02/13 15:40:31
 요청 처리 소요 시간 : 1739428831349ms 
-------------------------
 접속한 클라이언트 IP : 0:0:0:0:0:0:0:1
 접근한 URL 경로 : /jspEx01/books.jsp
 요청 처리 시작 시각 : 2025/02/13 15:40:31
 요청 처리 종료 시각 : 2025/02/13 15:40:31
 요청 처리 소요 시간 : 1739428831810ms 
-------------------------
 접속한 클라이언트 IP : 0:0:0:0:0:0:0:1
 접근한 URL 경로 : /jspEx01/books.jsp
 요청 처리 시작 시각 : 2025/02/13 15:40:32
 요청 처리 종료 시각 : 2025/02/13 15:40:32
 요청 처리 소요 시간 : 1739428832586ms 
-------------------------
 접속한 클라이언트 IP : 0:0:0:0:0:0:0:1
 접근한 URL 경로 : /jspEx01/addBooks.jsp
 요청 처리 시작 시각 : 2025/02/13 15:40:32
 요청 처리 종료 시각 : 2025/02/13 15:40:32
 요청 처리 소요 시간 : 1739428832924ms 
-------------------------
 접속한 클라이언트 IP : 0:0:0:0:0:0:0:1
 접근한 URL 경로 : /jspEx01/welcome.jsp
 요청 처리 시작 시각 : 2025/02/13 15:40:46
 요청 처리 종료 시각 : 2025/02/13 15:40:46
 요청 처리 소요 시간 : 1739428846469ms 
-------------------------
 접속한 클라이언트 IP : 0:0:0:0:0:0:0:1
 접근한 URL 경로 : /jspEx01/books.jsp
 요청 처리 시작 시각 : 2025/02/13 15:40:48
 요청 처리 종료 시각 : 2025/02/13 15:40:48
 요청 처리 소요 시간 : 1739428848277ms 
-------------------------
 접속한 클라이언트 IP : 0:0:0:0:0:0:0:1
 접근한 URL 경로 : /jspEx01/books.jsp
 요청 처리 시작 시각 : 2025/02/13 15:40:49
 요청 처리 종료 시각 : 2025/02/13 15:40:49
 요청 처리 소요 시간 : 1739428849162ms 
-------------------------
 접속한 클라이언트 IP : 0:0:0:0:0:0:0:1
 접근한 URL 경로 : /jspEx01/editBook.jsp?edit=update
 요청 처리 시작 시각 : 2025/02/13 15:41:29
 요청 처리 종료 시각 : 2025/02/13 15:41:29
 요청 처리 소요 시간 : 1739428889042ms 
-------------------------
 접속한 클라이언트 IP : 0:0:0:0:0:0:0:1
 접근한 URL 경로 : /jspEx01/addBooks.jsp
 요청 처리 시작 시각 : 2025/02/13 15:41:31
 요청 처리 종료 시각 : 2025/02/13 15:41:31
 요청 처리 소요 시간 : 1739428891100ms 
-------------------------
 접속한 클라이언트 IP : 0:0:0:0:0:0:0:1
 접근한 URL 경로 : /jspEx01/editBook.jsp?edit=update
 요청 처리 시작 시각 : 2025/02/13 15:41:45
 요청 처리 종료 시각 : 2025/02/13 15:41:45
 요청 처리 소요 시간 : 1739428905234ms 
-------------------------
 접속한 클라이언트 IP : 0:0:0:0:0:0:0:1
 접근한 URL 경로 : /jspEx01/editBook.jsp?edit=update
 요청 처리 시작 시각 : 2025/02/13 15:41:46
 요청 처리 종료 시각 : 2025/02/13 15:41:46
 요청 처리 소요 시간 : 1739428906297ms 
-------------------------
 접속한 클라이언트 IP : 0:0:0:0:0:0:0:1
 접근한 URL 경로 : /jspEx01/addBook.jsp
 요청 처리 시작 시각 : 2025/02/13 15:41:47
 요청 처리 종료 시각 : 2025/02/13 15:41:47
 요청 처리 소요 시간 : 1739428907406ms 
-------------------------
 접속한 클라이언트 IP : 0:0:0:0:0:0:0:1
 접근한 URL 경로 : /jspEx01/resources/js/validation.js
 요청 처리 시작 시각 : 2025/02/13 15:41:47
 요청 처리 종료 시각 : 2025/02/13 15:41:47
 요청 처리 소요 시간 : 1739428907494ms 
-------------------------
 접속한 클라이언트 IP : 0:0:0:0:0:0:0:1
 접근한 URL 경로 : /jspEx01/editBook.jsp?edit=update
 요청 처리 시작 시각 : 2025/02/13 15:41:49
 요청 처리 종료 시각 : 2025/02/13 15:41:49
 요청 처리 소요 시간 : 1739428909741ms 
-------------------------
 접속한 클라이언트 IP : 0:0:0:0:0:0:0:1
 접근한 URL 경로 : /jspEx01/editBook.jsp?edit=update
 요청 처리 시작 시각 : 2025/02/13 15:41:52
 요청 처리 종료 시각 : 2025/02/13 15:41:52
 요청 처리 소요 시간 : 1739428912377ms 
-------------------------
 접속한 클라이언트 IP : 0:0:0:0:0:0:0:1
 접근한 URL 경로 : /jspEx01/editBook.jsp?edit=update
 요청 처리 시작 시각 : 2025/02/13 15:41:52
 요청 처리 종료 시각 : 2025/02/13 15:41:52
 요청 처리 소요 시간 : 1739428912769ms 
-------------------------
 접속한 클라이언트 IP : 0:0:0:0:0:0:0:1
 접근한 URL 경로 : /jspEx01/editBook.jsp?edit=update
 요청 처리 시작 시각 : 2025/02/13 15:41:52
 요청 처리 종료 시각 : 2025/02/13 15:41:52
 요청 처리 소요 시간 : 1739428912937ms 
-------------------------
 접속한 클라이언트 IP : 0:0:0:0:0:0:0:1
 접근한 URL 경로 : /jspEx01/editBook.jsp?edit=update
 요청 처리 시작 시각 : 2025/02/13 15:41:53
 요청 처리 종료 시각 : 2025/02/13 15:41:53
 요청 처리 소요 시간 : 1739428913105ms 
-------------------------
 접속한 클라이언트 IP : 0:0:0:0:0:0:0:1
 접근한 URL 경로 : /jspEx01/editBook.jsp?edit=update
 요청 처리 시작 시각 : 2025/02/13 15:41:53
 요청 처리 종료 시각 : 2025/02/13 15:41:53
 요청 처리 소요 시간 : 1739428913264ms 
-------------------------
 접속한 클라이언트 IP : 0:0:0:0:0:0:0:1
 접근한 URL 경로 : /jspEx01/editBook.jsp?edit=update
 요청 처리 시작 시각 : 2025/02/13 15:41:53
 요청 처리 종료 시각 : 2025/02/13 15:41:53
 요청 처리 소요 시간 : 1739428913433ms 
-------------------------
 접속한 클라이언트 IP : 0:0:0:0:0:0:0:1
 접근한 URL 경로 : /jspEx01/editBook.jsp?edit=update
 요청 처리 시작 시각 : 2025/02/13 15:41:53
 요청 처리 종료 시각 : 2025/02/13 15:41:53
 요청 처리 소요 시간 : 1739428913617ms 
-------------------------
 접속한 클라이언트 IP : 0:0:0:0:0:0:0:1
 접근한 URL 경로 : /jspEx01/editBook.jsp?edit=update
 요청 처리 시작 시각 : 2025/02/13 15:41:53
 요청 처리 종료 시각 : 2025/02/13 15:41:53
 요청 처리 소요 시간 : 1739428913793ms 
-------------------------
 접속한 클라이언트 IP : 0:0:0:0:0:0:0:1
 접근한 URL 경로 : /jspEx01/editBook.jsp?edit=update
 요청 처리 시작 시각 : 2025/02/13 15:41:53
 요청 처리 종료 시각 : 2025/02/13 15:41:53
 요청 처리 소요 시간 : 1739428913953ms 
-------------------------
 접속한 클라이언트 IP : 0:0:0:0:0:0:0:1
 접근한 URL 경로 : /jspEx01/editBook.jsp?edit=update
 요청 처리 시작 시각 : 2025/02/13 15:41:54
 요청 처리 종료 시각 : 2025/02/13 15:41:54
 요청 처리 소요 시간 : 1739428914121ms 
-------------------------
 접속한 클라이언트 IP : 0:0:0:0:0:0:0:1
 접근한 URL 경로 : /jspEx01/editBook.jsp?edit=update
 요청 처리 시작 시각 : 2025/02/13 15:41:54
 요청 처리 종료 시각 : 2025/02/13 15:41:54
 요청 처리 소요 시간 : 1739428914505ms 
-------------------------
 접속한 클라이언트 IP : 0:0:0:0:0:0:0:1
 접근한 URL 경로 : /jspEx01/editBook.jsp?edit=update
 요청 처리 시작 시각 : 2025/02/13 15:41:54
 요청 처리 종료 시각 : 2025/02/13 15:41:54
 요청 처리 소요 시간 : 1739428914681ms 
-------------------------
 접속한 클라이언트 IP : 0:0:0:0:0:0:0:1
 접근한 URL 경로 : /jspEx01/updateBook.jsp?id=ISBN1235
 요청 처리 시작 시각 : 2025/02/13 15:51:40
 요청 처리 종료 시각 : 2025/02/13 15:51:40
 요청 처리 소요 시간 : 1739429500780ms 
-------------------------
 접속한 클라이언트 IP : 0:0:0:0:0:0:0:1
 접근한 URL 경로 : /jspEx01/welcome.jsp
 요청 처리 시작 시각 : 2025/02/13 15:51:42
 요청 처리 종료 시각 : 2025/02/13 15:51:42
 요청 처리 소요 시간 : 1739429502717ms 
-------------------------
 접속한 클라이언트 IP : 0:0:0:0:0:0:0:1
 접근한 URL 경로 : /jspEx01/editBook.jsp?edit=update
 요청 처리 시작 시각 : 2025/02/13 15:51:44
 요청 처리 종료 시각 : 2025/02/13 15:51:44
 요청 처리 소요 시간 : 1739429504518ms 
-------------------------
 접속한 클라이언트 IP : 0:0:0:0:0:0:0:1
 접근한 URL 경로 : /jspEx01/updateBook.jsp?id=ISBN1235
 요청 처리 시작 시각 : 2025/02/13 15:51:45
 요청 처리 종료 시각 : 2025/02/13 15:51:45
 요청 처리 소요 시간 : 1739429505963ms 
-------------------------
 접속한 클라이언트 IP : 0:0:0:0:0:0:0:1
 접근한 URL 경로 : /jspEx01/addBook.jsp
 요청 처리 시작 시각 : 2025/02/13 15:51:53
 요청 처리 종료 시각 : 2025/02/13 15:51:53
 요청 처리 소요 시간 : 1739429513757ms 
-------------------------
 접속한 클라이언트 IP : 0:0:0:0:0:0:0:1
 접근한 URL 경로 : /jspEx01/welcome.jsp
 요청 처리 시작 시각 : 2025/02/13 15:52:04
 요청 처리 종료 시각 : 2025/02/13 15:52:04
 요청 처리 소요 시간 : 1739429524308ms 
-------------------------
 접속한 클라이언트 IP : 0:0:0:0:0:0:0:1
 접근한 URL 경로 : /jspEx01/books.jsp
 요청 처리 시작 시각 : 2025/02/13 15:52:05
 요청 처리 종료 시각 : 2025/02/13 15:52:06
 요청 처리 소요 시간 : 1739429525957ms 
-------------------------
 접속한 클라이언트 IP : 0:0:0:0:0:0:0:1
 접근한 URL 경로 : /jspEx01/books.jsp
 요청 처리 시작 시각 : 2025/02/13 15:52:08
 요청 처리 종료 시각 : 2025/02/13 15:52:08
 요청 처리 소요 시간 : 1739429528057ms 
-------------------------
 접속한 클라이언트 IP : 0:0:0:0:0:0:0:1
 접근한 URL 경로 : /jspEx01/addBook.jsp
 요청 처리 시작 시각 : 2025/02/13 15:52:09
 요청 처리 종료 시각 : 2025/02/13 15:52:09
 요청 처리 소요 시간 : 1739429529964ms 
-------------------------
 접속한 클라이언트 IP : 0:0:0:0:0:0:0:1
 접근한 URL 경로 : /jspEx01/processAddBook.jsp
 요청 처리 시작 시각 : 2025/02/13 15:53:24
 접속한 클라이언트 IP : 0:0:0:0:0:0:0:1
 접근한 URL 경로 : /jspEx01/processAddBook.jsp
 요청 처리 시작 시각 : 2025/02/13 15:54:57
 접속한 클라이언트 IP : 0:0:0:0:0:0:0:1
 접근한 URL 경로 : /jspEx01/processAddBook.jsp
 요청 처리 시작 시각 : 2025/02/13 15:55:25
 접속한 클라이언트 IP : 0:0:0:0:0:0:0:1
 접근한 URL 경로 : /jspEx01/processAddBook.jsp
 요청 처리 시작 시각 : 2025/02/13 15:56:36
 접속한 클라이언트 IP : 0:0:0:0:0:0:0:1
 접근한 URL 경로 : /jspEx01/processAddBook.jsp
 요청 처리 시작 시각 : 2025/02/13 15:57:00
 요청 처리 종료 시각 : 2025/02/13 15:57:01
 요청 처리 소요 시간 : 1739429820985ms 
-------------------------
 접속한 클라이언트 IP : 0:0:0:0:0:0:0:1
 접근한 URL 경로 : /jspEx01/books.jsp
 요청 처리 시작 시각 : 2025/02/13 15:57:01
 요청 처리 종료 시각 : 2025/02/13 15:57:01
 요청 처리 소요 시간 : 1739429821138ms 
-------------------------
 접속한 클라이언트 IP : 0:0:0:0:0:0:0:1
 접근한 URL 경로 : /jspEx01/resources/images/cat.jpg
 요청 처리 시작 시각 : 2025/02/13 15:57:01
 요청 처리 종료 시각 : 2025/02/13 15:57:01
 요청 처리 소요 시간 : 1739429821154ms 
-------------------------
 접속한 클라이언트 IP : 0:0:0:0:0:0:0:1
 접근한 URL 경로 : /jspEx01/editBook.jsp?edit=update
 요청 처리 시작 시각 : 2025/02/13 15:57:06
 요청 처리 종료 시각 : 2025/02/13 15:57:06
 요청 처리 소요 시간 : 1739429826263ms 
-------------------------
 접속한 클라이언트 IP : 0:0:0:0:0:0:0:1
 접근한 URL 경로 : /jspEx01/resources/images/cat.jpg
 요청 처리 시작 시각 : 2025/02/13 15:57:06
 요청 처리 종료 시각 : 2025/02/13 15:57:06
 요청 처리 소요 시간 : 1739429826280ms 
-------------------------
 접속한 클라이언트 IP : 0:0:0:0:0:0:0:1
 접근한 URL 경로 : /jspEx01/updateBook.jsp?id=ISN250213
 요청 처리 시작 시각 : 2025/02/13 15:57:08
 요청 처리 종료 시각 : 2025/02/13 15:57:08
 요청 처리 소요 시간 : 1739429828345ms 
-------------------------
 접속한 클라이언트 IP : 0:0:0:0:0:0:0:1
 접근한 URL 경로 : /jspEx01/resources/images/cat.jpg
 요청 처리 시작 시각 : 2025/02/13 15:57:08
 요청 처리 종료 시각 : 2025/02/13 15:57:08
 요청 처리 소요 시간 : 1739429828362ms 
-------------------------
 접속한 클라이언트 IP : 0:0:0:0:0:0:0:1
 접근한 URL 경로 : /jspEx01/processUpdateBook.jsp
 요청 처리 시작 시각 : 2025/02/13 15:59:08
 접속한 클라이언트 IP : 0:0:0:0:0:0:0:1
 접근한 URL 경로 : /jspEx01/processUpdateBook.jsp
 요청 처리 시작 시각 : 2025/02/13 15:59:58
 요청 처리 종료 시각 : 2025/02/13 15:59:59
 요청 처리 소요 시간 : 1739429998981ms 
-------------------------
 접속한 클라이언트 IP : 0:0:0:0:0:0:0:1
 접근한 URL 경로 : /jspEx01/editBook.jsp?edit=update
 요청 처리 시작 시각 : 2025/02/13 15:59:59
 요청 처리 종료 시각 : 2025/02/13 15:59:59
 요청 처리 소요 시간 : 1739429999127ms 
-------------------------
 접속한 클라이언트 IP : 0:0:0:0:0:0:0:1
 접근한 URL 경로 : /jspEx01/resources/images/cat221.jpg
 요청 처리 시작 시각 : 2025/02/13 15:59:59
 요청 처리 종료 시각 : 2025/02/13 15:59:59
 요청 처리 소요 시간 : 1739429999145ms 
-------------------------
 접속한 클라이언트 IP : 0:0:0:0:0:0:0:1
 접근한 URL 경로 : /jspEx01/books.jsp
 요청 처리 시작 시각 : 2025/02/13 17:01:20
 요청 처리 종료 시각 : 2025/02/13 17:01:20
 요청 처리 소요 시간 : 1739433680153ms 
-------------------------
 접속한 클라이언트 IP : 0:0:0:0:0:0:0:1
 접근한 URL 경로 : /jspEx01/resources/images/cat221.jpg
 요청 처리 시작 시각 : 2025/02/13 17:01:20
 요청 처리 종료 시각 : 2025/02/13 17:01:20
 요청 처리 소요 시간 : 1739433680176ms 
-------------------------
 접속한 클라이언트 IP : 0:0:0:0:0:0:0:1
 접근한 URL 경로 : /jspEx01/books.jsp
 요청 처리 시작 시각 : 2025/02/13 17:20:01
 요청 처리 종료 시각 : 2025/02/13 17:20:01
 요청 처리 소요 시간 : 1739434801742ms 
-------------------------
 접속한 클라이언트 IP : 0:0:0:0:0:0:0:1
 접근한 URL 경로 : /jspEx01/resources/images/cat221.jpg
 요청 처리 시작 시각 : 2025/02/13 17:20:01
 요청 처리 종료 시각 : 2025/02/13 17:20:01
 요청 처리 소요 시간 : 1739434801768ms 
-------------------------
 접속한 클라이언트 IP : 0:0:0:0:0:0:0:1
 접근한 URL 경로 : /jspEx01/book.jsp?id=ISN250213
 요청 처리 시작 시각 : 2025/02/13 17:20:05
 접속한 클라이언트 IP : 0:0:0:0:0:0:0:1
 접근한 URL 경로 : /jspEx01/books.jsp
 요청 처리 시작 시각 : 2025/02/13 17:38:30
 요청 처리 종료 시각 : 2025/02/13 17:38:31
 요청 처리 소요 시간 : 1739435910989ms 
-------------------------
 접속한 클라이언트 IP : 0:0:0:0:0:0:0:1
 접근한 URL 경로 : /jspEx01/resources/images/cat221.jpg
 요청 처리 시작 시각 : 2025/02/13 17:38:31
 요청 처리 종료 시각 : 2025/02/13 17:38:31
 요청 처리 소요 시간 : 1739435911109ms 
-------------------------
 접속한 클라이언트 IP : 0:0:0:0:0:0:0:1
 접근한 URL 경로 : /jspEx01/book.jsp?id=ISBN1234
 요청 처리 시작 시각 : 2025/02/13 17:38:32
 접속한 클라이언트 IP : 0:0:0:0:0:0:0:1
 접근한 URL 경로 : /jspEx01/book.jsp?id=ISBN1234
 요청 처리 시작 시각 : 2025/02/13 17:39:07
 접속한 클라이언트 IP : 0:0:0:0:0:0:0:1
 접근한 URL 경로 : /jspEx01/book.jsp?id=ISBN1234
 요청 처리 시작 시각 : 2025/02/13 17:40:22
 접속한 클라이언트 IP : 0:0:0:0:0:0:0:1
 접근한 URL 경로 : /jspEx01/book.jsp?id=ISBN1234
 요청 처리 시작 시각 : 2025/02/13 17:40:37
 요청 처리 종료 시각 : 2025/02/13 17:40:37
 요청 처리 소요 시간 : 1739436037691ms 
-------------------------
 접속한 클라이언트 IP : 0:0:0:0:0:0:0:1
 접근한 URL 경로 : /jspEx01/books.jsp
 요청 처리 시작 시각 : 2025/02/14 09:37:15
 요청 처리 종료 시각 : 2025/02/14 09:37:16
 요청 처리 소요 시간 : 1739493435860ms 
-------------------------
 접속한 클라이언트 IP : 0:0:0:0:0:0:0:1
 접근한 URL 경로 : /jspEx01/resources/images/ISBN1234.jpg
 접속한 클라이언트 IP : 0:0:0:0:0:0:0:1
 접근한 URL 경로 : /jspEx01/resources/images/ISBN1236.jpg
 접속한 클라이언트 IP : 0:0:0:0:0:0:0:1
 접근한 URL 경로 : /jspEx01/resources/images/ISBN1235.jpg
 접속한 클라이언트 IP : 0:0:0:0:0:0:0:1
 접근한 URL 경로 : /jspEx01/resources/css/bootstrap.min.css
 접속한 클라이언트 IP : 0:0:0:0:0:0:0:1
 접근한 URL 경로 : /jspEx01/resources/images/cat221.jpg
 요청 처리 시작 시각 : 2025/02/14 09:37:16
 요청 처리 시작 시각 : 2025/02/14 09:37:16
 요청 처리 시작 시각 : 2025/02/14 09:37:16
 요청 처리 시작 시각 : 2025/02/14 09:37:16
 요청 처리 시작 시각 : 2025/02/14 09:37:16
 요청 처리 종료 시각 : 2025/02/14 09:37:16
 요청 처리 종료 시각 : 2025/02/14 09:37:16
 요청 처리 종료 시각 : 2025/02/14 09:37:16
 요청 처리 종료 시각 : 2025/02/14 09:37:16
 요청 처리 소요 시간 : 1739493436318ms 
-------------------------
 요청 처리 소요 시간 : 1739493436318ms 
-------------------------
 요청 처리 소요 시간 : 1739493436319ms 
-------------------------
 요청 처리 종료 시각 : 2025/02/14 09:37:16
 요청 처리 소요 시간 : 1739493436319ms 
-------------------------
 요청 처리 소요 시간 : 1739493436319ms 
-------------------------
 접속한 클라이언트 IP : 0:0:0:0:0:0:0:1
 접근한 URL 경로 : /jspEx01/books.jsp
 요청 처리 시작 시각 : 2025/02/14 09:39:41
 요청 처리 종료 시각 : 2025/02/14 09:39:42
 요청 처리 소요 시간 : 1739493581780ms 
-------------------------
 접속한 클라이언트 IP : 0:0:0:0:0:0:0:1
 접근한 URL 경로 : /jspEx01/books.jsp
 요청 처리 시작 시각 : 2025/02/14 09:39:50
 요청 처리 종료 시각 : 2025/02/14 09:39:50
 요청 처리 소요 시간 : 1739493590531ms 
-------------------------
 접속한 클라이언트 IP : 0:0:0:0:0:0:0:1
 접근한 URL 경로 : /jspEx01/books.jsp
 요청 처리 시작 시각 : 2025/02/14 09:39:51
 요청 처리 종료 시각 : 2025/02/14 09:39:51
 요청 처리 소요 시간 : 1739493591252ms 
-------------------------
 접속한 클라이언트 IP : 0:0:0:0:0:0:0:1
 접근한 URL 경로 : /jspEx01/welcome.jsp
 요청 처리 시작 시각 : 2025/02/14 09:40:59
 요청 처리 종료 시각 : 2025/02/14 09:40:59
 요청 처리 소요 시간 : 1739493659211ms 
-------------------------
 접속한 클라이언트 IP : 0:0:0:0:0:0:0:1
 접근한 URL 경로 : /jspEx01/welcome.jsp
 요청 처리 시작 시각 : 2025/02/14 09:41:04
 요청 처리 종료 시각 : 2025/02/14 09:41:04
 요청 처리 소요 시간 : 1739493664444ms 
-------------------------
 접속한 클라이언트 IP : 0:0:0:0:0:0:0:1
 접근한 URL 경로 : /jspEx01/welcome.jsp
 요청 처리 시작 시각 : 2025/02/14 09:41:09
 요청 처리 종료 시각 : 2025/02/14 09:41:09
 요청 처리 소요 시간 : 1739493669482ms 
-------------------------
 접속한 클라이언트 IP : 0:0:0:0:0:0:0:1
 접근한 URL 경로 : /jspEx01/welcome.jsp
 요청 처리 시작 시각 : 2025/02/14 09:41:14
 요청 처리 종료 시각 : 2025/02/14 09:41:14
 요청 처리 소요 시간 : 1739493674508ms 
-------------------------
 접속한 클라이언트 IP : 0:0:0:0:0:0:0:1
 접근한 URL 경로 : /jspEx01/welcome.jsp
 요청 처리 시작 시각 : 2025/02/14 09:41:19
 요청 처리 종료 시각 : 2025/02/14 09:41:19
 요청 처리 소요 시간 : 1739493679529ms 
-------------------------
 접속한 클라이언트 IP : 0:0:0:0:0:0:0:1
 접근한 URL 경로 : /jspEx01/welcome.jsp
 요청 처리 시작 시각 : 2025/02/14 09:41:24
 요청 처리 종료 시각 : 2025/02/14 09:41:24
 요청 처리 소요 시간 : 1739493684570ms 
-------------------------
 접속한 클라이언트 IP : 0:0:0:0:0:0:0:1
 접근한 URL 경로 : /jspEx01/welcome.jsp
 요청 처리 시작 시각 : 2025/02/14 09:41:29
 요청 처리 종료 시각 : 2025/02/14 09:41:29
 요청 처리 소요 시간 : 1739493689613ms 
-------------------------
 접속한 클라이언트 IP : 0:0:0:0:0:0:0:1
 접근한 URL 경로 : /jspEx01/welcome.jsp
 요청 처리 시작 시각 : 2025/02/14 09:41:32
 요청 처리 종료 시각 : 2025/02/14 09:41:32
 요청 처리 소요 시간 : 1739493692341ms 
-------------------------
 접속한 클라이언트 IP : 0:0:0:0:0:0:0:1
 접근한 URL 경로 : /jspEx01/welcome.jsp
 요청 처리 시작 시각 : 2025/02/14 09:41:32
 요청 처리 종료 시각 : 2025/02/14 09:41:32
 요청 처리 소요 시간 : 1739493692898ms 
-------------------------
 접속한 클라이언트 IP : 0:0:0:0:0:0:0:1
 접근한 URL 경로 : /jspEx01/welcome.jsp
 요청 처리 시작 시각 : 2025/02/14 09:41:33
 요청 처리 종료 시각 : 2025/02/14 09:41:33
 요청 처리 소요 시간 : 1739493693169ms 
-------------------------
 접속한 클라이언트 IP : 0:0:0:0:0:0:0:1
 접근한 URL 경로 : /jspEx01/welcome.jsp
 요청 처리 시작 시각 : 2025/02/14 09:41:33
 요청 처리 종료 시각 : 2025/02/14 09:41:33
 요청 처리 소요 시간 : 1739493693363ms 
-------------------------
 접속한 클라이언트 IP : 0:0:0:0:0:0:0:1
 접근한 URL 경로 : /jspEx01/welcome.jsp
 요청 처리 시작 시각 : 2025/02/14 09:41:35
 요청 처리 종료 시각 : 2025/02/14 09:41:35
 요청 처리 소요 시간 : 1739493695631ms 
-------------------------
 접속한 클라이언트 IP : 0:0:0:0:0:0:0:1
 접근한 URL 경로 : /jspEx01/welcome.jsp
 요청 처리 시작 시각 : 2025/02/14 09:41:35
 요청 처리 종료 시각 : 2025/02/14 09:41:35
 요청 처리 소요 시간 : 1739493695824ms 
-------------------------
 접속한 클라이언트 IP : 0:0:0:0:0:0:0:1
 접근한 URL 경로 : /jspEx01/welcome.jsp
 요청 처리 시작 시각 : 2025/02/14 09:41:36
 요청 처리 종료 시각 : 2025/02/14 09:41:36
 요청 처리 소요 시간 : 1739493696022ms 
-------------------------
 접속한 클라이언트 IP : 0:0:0:0:0:0:0:1
 접근한 URL 경로 : /jspEx01/welcome.jsp
 요청 처리 시작 시각 : 2025/02/14 09:41:36
 요청 처리 종료 시각 : 2025/02/14 09:41:36
 요청 처리 소요 시간 : 1739493696186ms 
-------------------------
 접속한 클라이언트 IP : 0:0:0:0:0:0:0:1
 접근한 URL 경로 : /jspEx01/welcome.jsp
 요청 처리 시작 시각 : 2025/02/14 09:41:36
 요청 처리 종료 시각 : 2025/02/14 09:41:36
 요청 처리 소요 시간 : 1739493696369ms 
-------------------------
 접속한 클라이언트 IP : 0:0:0:0:0:0:0:1
 접근한 URL 경로 : /jspEx01/welcome.jsp
 요청 처리 시작 시각 : 2025/02/14 09:41:36
 요청 처리 종료 시각 : 2025/02/14 09:41:36
 요청 처리 소요 시간 : 1739493696506ms 
-------------------------
 접속한 클라이언트 IP : 0:0:0:0:0:0:0:1
 접근한 URL 경로 : /jspEx01/welcome.jsp
 요청 처리 시작 시각 : 2025/02/14 09:41:41
 요청 처리 종료 시각 : 2025/02/14 09:41:41
 요청 처리 소요 시간 : 1739493701537ms 
-------------------------
 접속한 클라이언트 IP : 0:0:0:0:0:0:0:1
 접근한 URL 경로 : /jspEx01/welcome.jsp
 요청 처리 시작 시각 : 2025/02/14 09:41:46
 요청 처리 종료 시각 : 2025/02/14 09:41:46
 요청 처리 소요 시간 : 1739493706573ms 
-------------------------
 접속한 클라이언트 IP : 0:0:0:0:0:0:0:1
 접근한 URL 경로 : /jspEx01/welcome.jsp
 요청 처리 시작 시각 : 2025/02/14 09:41:51
 요청 처리 종료 시각 : 2025/02/14 09:41:51
 요청 처리 소요 시간 : 1739493711705ms 
-------------------------
 접속한 클라이언트 IP : 0:0:0:0:0:0:0:1
 접근한 URL 경로 : /jspEx01/welcome.jsp
 요청 처리 시작 시각 : 2025/02/14 09:41:56
 요청 처리 종료 시각 : 2025/02/14 09:41:56
 요청 처리 소요 시간 : 1739493716743ms 
-------------------------
 접속한 클라이언트 IP : 0:0:0:0:0:0:0:1
 접근한 URL 경로 : /jspEx01/welcome.jsp
 요청 처리 시작 시각 : 2025/02/14 09:42:01
 요청 처리 종료 시각 : 2025/02/14 09:42:01
 요청 처리 소요 시간 : 1739493721776ms 
-------------------------
 접속한 클라이언트 IP : 0:0:0:0:0:0:0:1
 접근한 URL 경로 : /jspEx01/welcome.jsp
 요청 처리 시작 시각 : 2025/02/14 09:42:06
 요청 처리 종료 시각 : 2025/02/14 09:42:06
 요청 처리 소요 시간 : 1739493726796ms 
-------------------------
 접속한 클라이언트 IP : 0:0:0:0:0:0:0:1
 접근한 URL 경로 : /jspEx01/welcome.jsp
 요청 처리 시작 시각 : 2025/02/14 09:42:10
 요청 처리 종료 시각 : 2025/02/14 09:42:10
 요청 처리 소요 시간 : 1739493730068ms 
-------------------------
 접속한 클라이언트 IP : 0:0:0:0:0:0:0:1
 접근한 URL 경로 : /jspEx01/welcome.jsp
 요청 처리 시작 시각 : 2025/02/14 09:42:10
 요청 처리 종료 시각 : 2025/02/14 09:42:10
 요청 처리 소요 시간 : 1739493730458ms 
-------------------------
 접속한 클라이언트 IP : 0:0:0:0:0:0:0:1
 접근한 URL 경로 : /jspEx01/welcome.jsp
 요청 처리 시작 시각 : 2025/02/14 09:42:10
 요청 처리 종료 시각 : 2025/02/14 09:42:10
 요청 처리 소요 시간 : 1739493730625ms 
-------------------------
 접속한 클라이언트 IP : 0:0:0:0:0:0:0:1
 접근한 URL 경로 : /jspEx01/welcome.jsp
 요청 처리 시작 시각 : 2025/02/14 09:42:10
 요청 처리 종료 시각 : 2025/02/14 09:42:10
 요청 처리 소요 시간 : 1739493730796ms 
-------------------------
 접속한 클라이언트 IP : 0:0:0:0:0:0:0:1
 접근한 URL 경로 : /jspEx01/welcome.jsp
 요청 처리 시작 시각 : 2025/02/14 09:42:10
 요청 처리 종료 시각 : 2025/02/14 09:42:10
 요청 처리 소요 시간 : 1739493730962ms 
-------------------------
 접속한 클라이언트 IP : 0:0:0:0:0:0:0:1
 접근한 URL 경로 : /jspEx01/welcome.jsp
 요청 처리 시작 시각 : 2025/02/14 09:42:11
 요청 처리 종료 시각 : 2025/02/14 09:42:11
 요청 처리 소요 시간 : 1739493731136ms 
-------------------------
 접속한 클라이언트 IP : 0:0:0:0:0:0:0:1
 접근한 URL 경로 : /jspEx01/welcome.jsp
 요청 처리 시작 시각 : 2025/02/14 09:42:11
 요청 처리 종료 시각 : 2025/02/14 09:42:11
 요청 처리 소요 시간 : 1739493731307ms 
-------------------------
 접속한 클라이언트 IP : 0:0:0:0:0:0:0:1
 접근한 URL 경로 : /jspEx01/welcome.jsp
 요청 처리 시작 시각 : 2025/02/14 09:42:11
 요청 처리 종료 시각 : 2025/02/14 09:42:11
 요청 처리 소요 시간 : 1739493731481ms 
-------------------------
 접속한 클라이언트 IP : 0:0:0:0:0:0:0:1
 접근한 URL 경로 : /jspEx01/welcome.jsp
 요청 처리 시작 시각 : 2025/02/14 09:42:11
 요청 처리 종료 시각 : 2025/02/14 09:42:11
 요청 처리 소요 시간 : 1739493731674ms 
-------------------------
 접속한 클라이언트 IP : 0:0:0:0:0:0:0:1
 접근한 URL 경로 : /jspEx01/welcome.jsp
 요청 처리 시작 시각 : 2025/02/14 09:42:11
 요청 처리 종료 시각 : 2025/02/14 09:42:11
 요청 처리 소요 시간 : 1739493731834ms 
-------------------------
 접속한 클라이언트 IP : 0:0:0:0:0:0:0:1
 접근한 URL 경로 : /jspEx01/welcome.jsp
 요청 처리 시작 시각 : 2025/02/14 09:42:12
 요청 처리 종료 시각 : 2025/02/14 09:42:12
 요청 처리 소요 시간 : 1739493732266ms 
-------------------------
 접속한 클라이언트 IP : 0:0:0:0:0:0:0:1
 접근한 URL 경로 : /jspEx01/welcome.jsp
 요청 처리 시작 시각 : 2025/02/14 09:42:12
 요청 처리 종료 시각 : 2025/02/14 09:42:12
 요청 처리 소요 시간 : 1739493732738ms 
-------------------------
 접속한 클라이언트 IP : 0:0:0:0:0:0:0:1
 접근한 URL 경로 : /jspEx01/welcome.jsp
 요청 처리 시작 시각 : 2025/02/14 09:42:12
 요청 처리 종료 시각 : 2025/02/14 09:42:12
 요청 처리 소요 시간 : 1739493732901ms 
-------------------------
 접속한 클라이언트 IP : 0:0:0:0:0:0:0:1
 접근한 URL 경로 : /jspEx01/welcome.jsp
 요청 처리 시작 시각 : 2025/02/14 09:42:17
 요청 처리 종료 시각 : 2025/02/14 09:42:18
 요청 처리 소요 시간 : 1739493737935ms 
-------------------------
 접속한 클라이언트 IP : 0:0:0:0:0:0:0:1
 접근한 URL 경로 : /jspEx01/welcome.jsp
 요청 처리 시작 시각 : 2025/02/14 09:42:23
 요청 처리 종료 시각 : 2025/02/14 09:42:23
 요청 처리 소요 시간 : 1739493743064ms 
-------------------------
 접속한 클라이언트 IP : 0:0:0:0:0:0:0:1
 접근한 URL 경로 : /jspEx01/welcome.jsp
 요청 처리 시작 시각 : 2025/02/14 09:42:28
 요청 처리 종료 시각 : 2025/02/14 09:42:28
 요청 처리 소요 시간 : 1739493748116ms 
-------------------------
 접속한 클라이언트 IP : 0:0:0:0:0:0:0:1
 접근한 URL 경로 : /jspEx01/welcome.jsp
 요청 처리 시작 시각 : 2025/02/14 09:42:33
 요청 처리 종료 시각 : 2025/02/14 09:42:33
 요청 처리 소요 시간 : 1739493753164ms 
-------------------------
 접속한 클라이언트 IP : 0:0:0:0:0:0:0:1
 접근한 URL 경로 : /jspEx01/welcome.jsp
 요청 처리 시작 시각 : 2025/02/14 09:42:38
 요청 처리 종료 시각 : 2025/02/14 09:42:38
 요청 처리 소요 시간 : 1739493758193ms 
-------------------------
 접속한 클라이언트 IP : 0:0:0:0:0:0:0:1
 접근한 URL 경로 : /jspEx01/welcome.jsp
 요청 처리 시작 시각 : 2025/02/14 09:42:43
 요청 처리 종료 시각 : 2025/02/14 09:42:43
 요청 처리 소요 시간 : 1739493763225ms 
-------------------------
 접속한 클라이언트 IP : 0:0:0:0:0:0:0:1
 접근한 URL 경로 : /jspEx01/welcome.jsp
 요청 처리 시작 시각 : 2025/02/14 09:42:48
 요청 처리 종료 시각 : 2025/02/14 09:42:48
 요청 처리 소요 시간 : 1739493768254ms 
-------------------------
 접속한 클라이언트 IP : 0:0:0:0:0:0:0:1
 접근한 URL 경로 : /jspEx01/welcome.jsp
 요청 처리 시작 시각 : 2025/02/14 09:42:52
 요청 처리 종료 시각 : 2025/02/14 09:42:52
 요청 처리 소요 시간 : 1739493772282ms 
-------------------------
 접속한 클라이언트 IP : 0:0:0:0:0:0:0:1
 접근한 URL 경로 : /jspEx01/books.jsp
 요청 처리 시작 시각 : 2025/02/14 09:42:52
 요청 처리 종료 시각 : 2025/02/14 09:42:53
 요청 처리 소요 시간 : 1739493772887ms 
-------------------------
 접속한 클라이언트 IP : 0:0:0:0:0:0:0:1
 접근한 URL 경로 : /jspEx01/resources/css/bootstrap.min.css.map
 요청 처리 시작 시각 : 2025/02/14 09:42:53
 요청 처리 종료 시각 : 2025/02/14 09:42:53
 요청 처리 소요 시간 : 1739493773392ms 
-------------------------
 접속한 클라이언트 IP : 0:0:0:0:0:0:0:1
 접근한 URL 경로 : /jspEx01/books.jsp
 요청 처리 시작 시각 : 2025/02/14 09:42:53
 요청 처리 종료 시각 : 2025/02/14 09:42:53
 요청 처리 소요 시간 : 1739493773585ms 
-------------------------
 접속한 클라이언트 IP : 0:0:0:0:0:0:0:1
 접근한 URL 경로 : /jspEx01/resources/css/bootstrap.min.css.map
 요청 처리 시작 시각 : 2025/02/14 09:42:53
 요청 처리 종료 시각 : 2025/02/14 09:42:53
 요청 처리 소요 시간 : 1739493773620ms 
-------------------------
 접속한 클라이언트 IP : 0:0:0:0:0:0:0:1
 접근한 URL 경로 : /jspEx01/books.jsp
 요청 처리 시작 시각 : 2025/02/14 09:43:22
 요청 처리 종료 시각 : 2025/02/14 09:43:23
 요청 처리 소요 시간 : 1739493802911ms 
-------------------------
 접속한 클라이언트 IP : 0:0:0:0:0:0:0:1
 접근한 URL 경로 : /jspEx01/resources/css/bootstrap.min.css.map
 요청 처리 시작 시각 : 2025/02/14 09:43:23
 요청 처리 종료 시각 : 2025/02/14 09:43:23
 요청 처리 소요 시간 : 1739493803066ms 
-------------------------
 접속한 클라이언트 IP : 0:0:0:0:0:0:0:1
 접근한 URL 경로 : /jspEx01/books.jsp
 요청 처리 시작 시각 : 2025/02/14 09:45:08
 요청 처리 종료 시각 : 2025/02/14 09:45:08
 요청 처리 소요 시간 : 1739493908474ms 
-------------------------
 접속한 클라이언트 IP : 0:0:0:0:0:0:0:1
 접근한 URL 경로 : /jspEx01/books.jsp
 요청 처리 시작 시각 : 2025/02/14 09:45:27
 요청 처리 종료 시각 : 2025/02/14 09:45:27
 요청 처리 소요 시간 : 1739493927129ms 
-------------------------
 접속한 클라이언트 IP : 0:0:0:0:0:0:0:1
 접근한 URL 경로 : /jspEx01/books.jsp
 요청 처리 시작 시각 : 2025/02/14 09:45:27
 요청 처리 종료 시각 : 2025/02/14 09:45:27
 요청 처리 소요 시간 : 1739493927529ms 
-------------------------
 접속한 클라이언트 IP : 0:0:0:0:0:0:0:1
 접근한 URL 경로 : /jspEx01/books.jsp
 요청 처리 시작 시각 : 2025/02/14 10:39:50
 요청 처리 종료 시각 : 2025/02/14 10:39:50
 요청 처리 소요 시간 : 1739497190068ms 
-------------------------
 접속한 클라이언트 IP : 0:0:0:0:0:0:0:1
 접근한 URL 경로 : /jspEx01/editBook.jsp?edit=delete
 요청 처리 시작 시각 : 2025/02/14 10:39:55
 요청 처리 종료 시각 : 2025/02/14 10:39:56
 요청 처리 소요 시간 : 1739497195732ms 
-------------------------
 접속한 클라이언트 IP : 0:0:0:0:0:0:0:1
 접근한 URL 경로 : /jspEx01/deleteBook.jsp?id%20=%20ISN250213
 요청 처리 시작 시각 : 2025/02/14 10:40:00
 요청 처리 종료 시각 : 2025/02/14 10:40:00
 요청 처리 소요 시간 : 1739497200222ms 
-------------------------
 접속한 클라이언트 IP : 0:0:0:0:0:0:0:1
 접근한 URL 경로 : /jspEx01/editBook.jsp?edit=delete
 요청 처리 시작 시각 : 2025/02/14 10:40:00
 요청 처리 종료 시각 : 2025/02/14 10:40:00
 요청 처리 소요 시간 : 1739497200483ms 
-------------------------
 접속한 클라이언트 IP : 0:0:0:0:0:0:0:1
 접근한 URL 경로 : /jspEx01/welcome.jsp
 요청 처리 시작 시각 : 2025/02/14 10:40:08
 요청 처리 종료 시각 : 2025/02/14 10:40:08
 요청 처리 소요 시간 : 1739497208606ms 
-------------------------
 접속한 클라이언트 IP : 0:0:0:0:0:0:0:1
 접근한 URL 경로 : /jspEx01/books.jsp
 요청 처리 시작 시각 : 2025/02/14 10:40:09
 요청 처리 종료 시각 : 2025/02/14 10:40:09
 요청 처리 소요 시간 : 1739497209851ms 
-------------------------
 접속한 클라이언트 IP : 0:0:0:0:0:0:0:1
 접근한 URL 경로 : /jspEx01/editBook.jsp?edit=delete
 요청 처리 시작 시각 : 2025/02/14 10:40:11
 요청 처리 종료 시각 : 2025/02/14 10:40:11
 요청 처리 소요 시간 : 1739497211950ms 
-------------------------
 접속한 클라이언트 IP : 0:0:0:0:0:0:0:1
 접근한 URL 경로 : /jspEx01/deleteBook.jsp?id%20=%20ISN250213
 요청 처리 시작 시각 : 2025/02/14 10:40:35
 요청 처리 종료 시각 : 2025/02/14 10:40:35
 요청 처리 소요 시간 : 1739497235318ms 
-------------------------
 접속한 클라이언트 IP : 0:0:0:0:0:0:0:1
 접근한 URL 경로 : /jspEx01/editBook.jsp?edit=delete
 요청 처리 시작 시각 : 2025/02/14 10:40:35
 요청 처리 종료 시각 : 2025/02/14 10:40:35
 요청 처리 소요 시간 : 1739497235332ms 
-------------------------
 접속한 클라이언트 IP : 0:0:0:0:0:0:0:1
 접근한 URL 경로 : /jspEx01/deleteBook.jsp?id%20=%20ISN250213
 요청 처리 시작 시각 : 2025/02/14 10:41:05
 요청 처리 종료 시각 : 2025/02/14 10:41:05
 요청 처리 소요 시간 : 1739497265390ms 
-------------------------
 접속한 클라이언트 IP : 0:0:0:0:0:0:0:1
 접근한 URL 경로 : /jspEx01/editBook.jsp?edit=delete
 요청 처리 시작 시각 : 2025/02/14 10:41:05
 요청 처리 종료 시각 : 2025/02/14 10:41:05
 요청 처리 소요 시간 : 1739497265405ms 
-------------------------
 접속한 클라이언트 IP : 0:0:0:0:0:0:0:1
 접근한 URL 경로 : /jspEx01/editBook.jsp?edit=delete
 요청 처리 시작 시각 : 2025/02/14 10:41:37
 요청 처리 종료 시각 : 2025/02/14 10:41:37
 요청 처리 소요 시간 : 1739497297571ms 
-------------------------
 접속한 클라이언트 IP : 0:0:0:0:0:0:0:1
 접근한 URL 경로 : /jspEx01/deleteBook.jsp?id%20=%20ISN250213
 요청 처리 시작 시각 : 2025/02/14 10:41:42
 요청 처리 종료 시각 : 2025/02/14 10:41:42
 요청 처리 소요 시간 : 1739497302423ms 
-------------------------
 접속한 클라이언트 IP : 0:0:0:0:0:0:0:1
 접근한 URL 경로 : /jspEx01/editBook.jsp?edit=delete
 요청 처리 시작 시각 : 2025/02/14 10:41:42
 요청 처리 종료 시각 : 2025/02/14 10:41:42
 요청 처리 소요 시간 : 1739497302440ms 
-------------------------
 접속한 클라이언트 IP : 0:0:0:0:0:0:0:1
 접근한 URL 경로 : /jspEx01/editBook.jsp?edit=update
 요청 처리 시작 시각 : 2025/02/14 10:42:54
 요청 처리 종료 시각 : 2025/02/14 10:42:54
 요청 처리 소요 시간 : 1739497374907ms 
-------------------------
 접속한 클라이언트 IP : 0:0:0:0:0:0:0:1
 접근한 URL 경로 : /jspEx01/updateBook.jsp?id=ISN250213
 요청 처리 시작 시각 : 2025/02/14 10:42:56
 요청 처리 종료 시각 : 2025/02/14 10:42:56
 요청 처리 소요 시간 : 1739497376662ms 
-------------------------
 접속한 클라이언트 IP : 0:0:0:0:0:0:0:1
 접근한 URL 경로 : /jspEx01/editBook.jsp?edit=delete
 요청 처리 시작 시각 : 2025/02/14 10:43:39
 요청 처리 종료 시각 : 2025/02/14 10:43:39
 요청 처리 소요 시간 : 1739497419110ms 
-------------------------
 접속한 클라이언트 IP : 0:0:0:0:0:0:0:1
 접근한 URL 경로 : /jspEx01/deleteBook.jsp?id=ISN250213
 요청 처리 시작 시각 : 2025/02/14 10:43:41
 요청 처리 종료 시각 : 2025/02/14 10:43:41
 요청 처리 소요 시간 : 1739497421326ms 
-------------------------
 접속한 클라이언트 IP : 0:0:0:0:0:0:0:1
 접근한 URL 경로 : /jspEx01/editBook.jsp?edit=delete
 요청 처리 시작 시각 : 2025/02/14 10:43:41
 요청 처리 종료 시각 : 2025/02/14 10:43:41
 요청 처리 소요 시간 : 1739497421343ms 
-------------------------
 접속한 클라이언트 IP : 0:0:0:0:0:0:0:1
 접근한 URL 경로 : /jspEx01/editBook.jsp?edit=update
 요청 처리 시작 시각 : 2025/02/14 10:43:50
 요청 처리 종료 시각 : 2025/02/14 10:43:50
 요청 처리 소요 시간 : 1739497430558ms 
-------------------------
 접속한 클라이언트 IP : 0:0:0:0:0:0:0:1
 접근한 URL 경로 : /jspEx01/books.jsp
 요청 처리 시작 시각 : 2025/02/14 10:43:51
 요청 처리 종료 시각 : 2025/02/14 10:43:51
 요청 처리 소요 시간 : 1739497431238ms 
-------------------------
 접속한 클라이언트 IP : 0:0:0:0:0:0:0:1
 접근한 URL 경로 : /jspEx01/ex16/select02.jsp
 요청 처리 시작 시각 : 2025/02/14 11:25:59
 요청 처리 종료 시각 : 2025/02/14 11:25:59
 요청 처리 소요 시간 : 1739499959654ms 
-------------------------
 접속한 클라이언트 IP : 0:0:0:0:0:0:0:1
 접근한 URL 경로 : /jspEx01/ex16/select02.jsp
 요청 처리 시작 시각 : 2025/02/14 11:26:10
 요청 처리 종료 시각 : 2025/02/14 11:26:10
 요청 처리 소요 시간 : 1739499970346ms 
-------------------------
 접속한 클라이언트 IP : 0:0:0:0:0:0:0:1
 접근한 URL 경로 : /jspEx01/ex16/select02.jsp
 요청 처리 시작 시각 : 2025/02/14 11:26:26
 요청 처리 종료 시각 : 2025/02/14 11:26:26
 요청 처리 소요 시간 : 1739499986713ms 
-------------------------
 접속한 클라이언트 IP : 0:0:0:0:0:0:0:1
 접근한 URL 경로 : /jspEx01/ex16/select02.jsp
 요청 처리 시작 시각 : 2025/02/14 11:26:27
 요청 처리 종료 시각 : 2025/02/14 11:26:27
 요청 처리 소요 시간 : 1739499987554ms 
-------------------------
 접속한 클라이언트 IP : 0:0:0:0:0:0:0:1
 접근한 URL 경로 : /jspEx01/ex16/select02.jsp
 요청 처리 시작 시각 : 2025/02/14 11:27:08
 요청 처리 종료 시각 : 2025/02/14 11:27:08
 요청 처리 소요 시간 : 1739500028817ms 
-------------------------
 접속한 클라이언트 IP : 0:0:0:0:0:0:0:1
 접근한 URL 경로 : /jspEx01/ex16/select02.jsp
 요청 처리 시작 시각 : 2025/02/14 11:27:09
 요청 처리 종료 시각 : 2025/02/14 11:27:09
 요청 처리 소요 시간 : 1739500029328ms 
-------------------------
 접속한 클라이언트 IP : 0:0:0:0:0:0:0:1
 접근한 URL 경로 : /jspEx01/ex16/select02.jsp
 요청 처리 시작 시각 : 2025/02/14 11:27:09
 요청 처리 종료 시각 : 2025/02/14 11:27:09
 요청 처리 소요 시간 : 1739500029481ms 
-------------------------
 접속한 클라이언트 IP : 0:0:0:0:0:0:0:1
 접근한 URL 경로 : /jspEx01/ex16/select02.jsp
 요청 처리 시작 시각 : 2025/02/14 11:27:09
 요청 처리 종료 시각 : 2025/02/14 11:27:09
 요청 처리 소요 시간 : 1739500029632ms 
-------------------------
 접속한 클라이언트 IP : 0:0:0:0:0:0:0:1
 접근한 URL 경로 : /jspEx01/ex16/select02.jsp
 요청 처리 시작 시각 : 2025/02/14 11:27:16
 요청 처리 종료 시각 : 2025/02/14 11:27:16
 요청 처리 소요 시간 : 1739500036763ms 
-------------------------
 접속한 클라이언트 IP : 0:0:0:0:0:0:0:1
 접근한 URL 경로 : /jspEx01/ex16/select02.jsp
 요청 처리 시작 시각 : 2025/02/14 11:27:24
 요청 처리 종료 시각 : 2025/02/14 11:27:24
 요청 처리 소요 시간 : 1739500044474ms 
-------------------------
 접속한 클라이언트 IP : 0:0:0:0:0:0:0:1
 접근한 URL 경로 : /jspEx01/ex16/select02.jsp
 요청 처리 시작 시각 : 2025/02/14 11:27:29
 요청 처리 종료 시각 : 2025/02/14 11:27:29
 요청 처리 소요 시간 : 1739500049090ms 
-------------------------
 접속한 클라이언트 IP : 0:0:0:0:0:0:0:1
 접근한 URL 경로 : /jspEx01/ex16/insert02.jsp
 요청 처리 시작 시각 : 2025/02/14 11:49:45
 요청 처리 종료 시각 : 2025/02/14 11:49:45
 요청 처리 소요 시간 : 1739501385932ms 
-------------------------
 접속한 클라이언트 IP : 0:0:0:0:0:0:0:1
 접근한 URL 경로 : /jspEx01/ex16/insert02.jsp
 요청 처리 시작 시각 : 2025/02/14 11:58:16
 요청 처리 종료 시각 : 2025/02/14 11:58:16
 요청 처리 소요 시간 : 1739501896210ms 
-------------------------
 접속한 클라이언트 IP : 0:0:0:0:0:0:0:1
 접근한 URL 경로 : /jspEx01/ex16/insert02_process.jsp
 요청 처리 시작 시각 : 2025/02/14 11:58:40
 요청 처리 종료 시각 : 2025/02/14 11:58:40
 요청 처리 소요 시간 : 1739501920892ms 
-------------------------
 접속한 클라이언트 IP : 0:0:0:0:0:0:0:1
 접근한 URL 경로 : /jspEx01/ex16/insert02_process.jsp
 요청 처리 시작 시각 : 2025/02/14 11:59:49
 요청 처리 종료 시각 : 2025/02/14 11:59:49
 요청 처리 소요 시간 : 1739501989590ms 
-------------------------
 접속한 클라이언트 IP : 0:0:0:0:0:0:0:1
 접근한 URL 경로 : /jspEx01/ex16/insert02_process.jsp
 요청 처리 시작 시각 : 2025/02/14 12:00:01
 요청 처리 종료 시각 : 2025/02/14 12:00:01
 요청 처리 소요 시간 : 1739502001714ms 
-------------------------
 접속한 클라이언트 IP : 0:0:0:0:0:0:0:1
 접근한 URL 경로 : /jspEx01/ex16/select02.jsp
 요청 처리 시작 시각 : 2025/02/14 12:00:04
 요청 처리 종료 시각 : 2025/02/14 12:00:04
 요청 처리 소요 시간 : 1739502004170ms 
-------------------------
 접속한 클라이언트 IP : 0:0:0:0:0:0:0:1
 접근한 URL 경로 : /jspEx01/ex16/update03.jsp
 요청 처리 시작 시각 : 2025/02/14 12:33:25
 요청 처리 종료 시각 : 2025/02/14 12:33:25
 요청 처리 소요 시간 : 1739504005236ms 
-------------------------
 접속한 클라이언트 IP : 0:0:0:0:0:0:0:1
 접근한 URL 경로 : /jspEx01/ex16/update03.jsp
 요청 처리 시작 시각 : 2025/02/14 12:38:20
 요청 처리 종료 시각 : 2025/02/14 12:38:20
 요청 처리 소요 시간 : 1739504300346ms 
-------------------------
 접속한 클라이언트 IP : 0:0:0:0:0:0:0:1
 접근한 URL 경로 : /jspEx01/ex16/update03_process.jsp
 요청 처리 시작 시각 : 2025/02/14 12:38:26
 요청 처리 종료 시각 : 2025/02/14 12:38:26
 요청 처리 소요 시간 : 1739504306029ms 
-------------------------
 접속한 클라이언트 IP : 0:0:0:0:0:0:0:1
 접근한 URL 경로 : /jspEx01/ex16/update03_process.jsp
 요청 처리 시작 시각 : 2025/02/14 12:38:59
 요청 처리 종료 시각 : 2025/02/14 12:39:00
 요청 처리 소요 시간 : 1739504339969ms 
-------------------------
 접속한 클라이언트 IP : 0:0:0:0:0:0:0:1
 접근한 URL 경로 : /jspEx01/ex16/select02.jsp
 요청 처리 시작 시각 : 2025/02/14 12:39:02
 요청 처리 종료 시각 : 2025/02/14 12:39:02
 요청 처리 소요 시간 : 1739504342257ms 
-------------------------
 접속한 클라이언트 IP : 0:0:0:0:0:0:0:1
 접근한 URL 경로 : /jspEx01/books.jsp
 요청 처리 시작 시각 : 2025/02/14 15:39:17
 요청 처리 종료 시각 : 2025/02/14 15:39:17
 요청 처리 소요 시간 : 1739515157065ms 
-------------------------
 접속한 클라이언트 IP : 0:0:0:0:0:0:0:1
 접근한 URL 경로 : /jspEx01/member/logoutMember.jsp
 요청 처리 시작 시각 : 2025/02/14 15:39:22
 요청 처리 종료 시각 : 2025/02/14 15:39:22
 요청 처리 소요 시간 : 1739515162140ms 
-------------------------
 접속한 클라이언트 IP : 0:0:0:0:0:0:0:1
 접근한 URL 경로 : /jspEx01/test/request.jsp
 요청 처리 시작 시각 : 2025/02/14 16:27:44
 요청 처리 종료 시각 : 2025/02/14 16:27:44
 요청 처리 소요 시간 : 1739518064254ms 
-------------------------
 접속한 클라이언트 IP : 0:0:0:0:0:0:0:1
 접근한 URL 경로 : /jspEx01/test/request_process.jsp?id=%EA%B4%80%EB%A6%AC%EC%9E%90&passwd=1234
 요청 처리 시작 시각 : 2025/02/14 16:28:37
 요청 처리 종료 시각 : 2025/02/14 16:28:37
 요청 처리 소요 시간 : 1739518117604ms 
-------------------------
 접속한 클라이언트 IP : 0:0:0:0:0:0:0:1
 접근한 URL 경로 : /jspEx01/test/request_process.jsp?id=%EA%B4%80%EB%A6%AC%EC%9E%90&passwd=1234
 요청 처리 시작 시각 : 2025/02/14 16:28:48
 요청 처리 종료 시각 : 2025/02/14 16:28:48
 요청 처리 소요 시간 : 1739518128676ms 
-------------------------
 접속한 클라이언트 IP : 0:0:0:0:0:0:0:1
 접근한 URL 경로 : /jspEx01/test/request.jsp
 요청 처리 시작 시각 : 2025/02/14 16:28:50
 요청 처리 종료 시각 : 2025/02/14 16:28:50
 요청 처리 소요 시간 : 1739518130127ms 
-------------------------
 접속한 클라이언트 IP : 0:0:0:0:0:0:0:1
 접근한 URL 경로 : /jspEx01/test/request_process.jsp
 요청 처리 시작 시각 : 2025/02/14 16:28:55
 요청 처리 종료 시각 : 2025/02/14 16:28:55
 요청 처리 소요 시간 : 1739518135515ms 
-------------------------
 접속한 클라이언트 IP : 0:0:0:0:0:0:0:1
 접근한 URL 경로 : /jspEx01/test/response.jsp
 요청 처리 시작 시각 : 2025/02/14 16:36:36
 요청 처리 종료 시각 : 2025/02/14 16:36:36
 요청 처리 소요 시간 : 1739518596406ms 
-------------------------
 접속한 클라이언트 IP : 0:0:0:0:0:0:0:1
 접근한 URL 경로 : /jspEx01/test/response_process.jsp
 요청 처리 시작 시각 : 2025/02/14 16:37:14
 요청 처리 종료 시각 : 2025/02/14 16:37:14
 요청 처리 소요 시간 : 1739518634931ms 
-------------------------
 접속한 클라이언트 IP : 0:0:0:0:0:0:0:1
 접근한 URL 경로 : /jspEx01/test/response_success.jsp
 요청 처리 시작 시각 : 2025/02/14 16:37:14
 요청 처리 종료 시각 : 2025/02/14 16:37:14
 요청 처리 소요 시간 : 1739518634995ms 
-------------------------
 접속한 클라이언트 IP : 0:0:0:0:0:0:0:1
 접근한 URL 경로 : /jspEx01/test/response_success.jsp
 요청 처리 시작 시각 : 2025/02/14 16:37:32
 요청 처리 종료 시각 : 2025/02/14 16:37:32
 요청 처리 소요 시간 : 1739518652840ms 
-------------------------
 접속한 클라이언트 IP : 0:0:0:0:0:0:0:1
 접근한 URL 경로 : /jspEx01/test/response_process.jsp
 요청 처리 시작 시각 : 2025/02/14 16:37:52
 요청 처리 종료 시각 : 2025/02/14 16:37:52
 요청 처리 소요 시간 : 1739518672908ms 
-------------------------
 접속한 클라이언트 IP : 0:0:0:0:0:0:0:1
 접근한 URL 경로 : /jspEx01/test/response_failed.jsp
 요청 처리 시작 시각 : 2025/02/14 16:37:52
 요청 처리 종료 시각 : 2025/02/14 16:37:52
 요청 처리 소요 시간 : 1739518672912ms 
-------------------------
 접속한 클라이언트 IP : 0:0:0:0:0:0:0:1
 접근한 URL 경로 : /jspEx01/test/validation.jsp
 요청 처리 시작 시각 : 2025/02/14 16:48:29
 요청 처리 종료 시각 : 2025/02/14 16:48:29
 요청 처리 소요 시간 : 1739519309155ms 
-------------------------
 접속한 클라이언트 IP : 0:0:0:0:0:0:0:1
 접근한 URL 경로 : /jspEx01/test/validation_process
 요청 처리 시작 시각 : 2025/02/14 16:48:31
 요청 처리 종료 시각 : 2025/02/14 16:48:31
 요청 처리 소요 시간 : 1739519311574ms 
-------------------------
 접속한 클라이언트 IP : 0:0:0:0:0:0:0:1
 접근한 URL 경로 : /jspEx01/test/validation.jsp
 요청 처리 시작 시각 : 2025/02/14 16:48:50
 요청 처리 종료 시각 : 2025/02/14 16:48:50
 요청 처리 소요 시간 : 1739519330236ms 
-------------------------
 접속한 클라이언트 IP : 0:0:0:0:0:0:0:1
 접근한 URL 경로 : /jspEx01/test/validation.jsp
 요청 처리 시작 시각 : 2025/02/14 16:48:50
 요청 처리 종료 시각 : 2025/02/14 16:48:50
 요청 처리 소요 시간 : 1739519330495ms 
-------------------------
 접속한 클라이언트 IP : 0:0:0:0:0:0:0:1
 접근한 URL 경로 : /jspEx01/test/validation.jsp
 요청 처리 시작 시각 : 2025/02/14 16:48:50
 요청 처리 종료 시각 : 2025/02/14 16:48:50
 요청 처리 소요 시간 : 1739519330639ms 
-------------------------
 접속한 클라이언트 IP : 0:0:0:0:0:0:0:1
 접근한 URL 경로 : /jspEx01/test/validation.jsp
 요청 처리 시작 시각 : 2025/02/14 16:48:50
 요청 처리 종료 시각 : 2025/02/14 16:48:50
 요청 처리 소요 시간 : 1739519330775ms 
-------------------------
 접속한 클라이언트 IP : 0:0:0:0:0:0:0:1
 접근한 URL 경로 : /jspEx01/test/validation_process.jsp
 요청 처리 시작 시각 : 2025/02/14 16:48:51
 요청 처리 종료 시각 : 2025/02/14 16:48:52
 요청 처리 소요 시간 : 1739519331979ms 
-------------------------
 접속한 클라이언트 IP : 0:0:0:0:0:0:0:1
 접근한 URL 경로 : /jspEx01/test/validation.jsp
 요청 처리 시작 시각 : 2025/02/14 16:49:45
 요청 처리 종료 시각 : 2025/02/14 16:49:45
 요청 처리 소요 시간 : 1739519385304ms 
-------------------------
 접속한 클라이언트 IP : 0:0:0:0:0:0:0:1
 접근한 URL 경로 : /jspEx01/test/validation.jsp
 요청 처리 시작 시각 : 2025/02/14 16:49:45
 요청 처리 종료 시각 : 2025/02/14 16:49:45
 요청 처리 소요 시간 : 1739519385457ms 
-------------------------
 접속한 클라이언트 IP : 0:0:0:0:0:0:0:1
 접근한 URL 경로 : /jspEx01/test/validation.jsp
 요청 처리 시작 시각 : 2025/02/14 16:49:45
 요청 처리 종료 시각 : 2025/02/14 16:49:45
 요청 처리 소요 시간 : 1739519385614ms 
-------------------------
 접속한 클라이언트 IP : 0:0:0:0:0:0:0:1
 접근한 URL 경로 : /jspEx01/test/validation.jsp
 요청 처리 시작 시각 : 2025/02/14 16:49:45
 요청 처리 종료 시각 : 2025/02/14 16:49:45
 요청 처리 소요 시간 : 1739519385733ms 
-------------------------
 접속한 클라이언트 IP : 0:0:0:0:0:0:0:1
 접근한 URL 경로 : /jspEx01/test/validation_process.jsp
 요청 처리 시작 시각 : 2025/02/14 16:50:55
 요청 처리 종료 시각 : 2025/02/14 16:50:55
 요청 처리 소요 시간 : 1739519455605ms 
-------------------------
 접속한 클라이언트 IP : 0:0:0:0:0:0:0:1
 접근한 URL 경로 : /jspEx01/test/jstl_fmt.jsp
 요청 처리 시작 시각 : 2025/02/14 17:18:16
 요청 처리 종료 시각 : 2025/02/14 17:18:16
 요청 처리 소요 시간 : 1739521096017ms 
-------------------------
 접속한 클라이언트 IP : 0:0:0:0:0:0:0:1
 접근한 URL 경로 : /jspEx01/test/jstl_fmt.jsp
 요청 처리 시작 시각 : 2025/02/14 17:18:17
 요청 처리 종료 시각 : 2025/02/14 17:18:17
 요청 처리 소요 시간 : 1739521097734ms 
-------------------------
 접속한 클라이언트 IP : 0:0:0:0:0:0:0:1
 접근한 URL 경로 : /jspEx01/test/jstl_fmt.jsp
 요청 처리 시작 시각 : 2025/02/14 17:18:30
 요청 처리 종료 시각 : 2025/02/14 17:18:30
 요청 처리 소요 시간 : 1739521110664ms 
-------------------------
 접속한 클라이언트 IP : 0:0:0:0:0:0:0:1
 접근한 URL 경로 : /jspEx01/test/jstl_fmt.jsp
 요청 처리 시작 시각 : 2025/02/14 17:18:34
 요청 처리 종료 시각 : 2025/02/14 17:18:34
 요청 처리 소요 시간 : 1739521114352ms 
-------------------------
 접속한 클라이언트 IP : 0:0:0:0:0:0:0:1
 접근한 URL 경로 : /jspEx01/test/jstl_fmt.jsp
 요청 처리 시작 시각 : 2025/02/14 17:18:45
 요청 처리 종료 시각 : 2025/02/14 17:18:45
 요청 처리 소요 시간 : 1739521125338ms 
-------------------------
 접속한 클라이언트 IP : 0:0:0:0:0:0:0:1
 접근한 URL 경로 : /jspEx01/test/jstl_fmt.jsp?lauguage=en
 요청 처리 시작 시각 : 2025/02/14 17:18:51
 요청 처리 종료 시각 : 2025/02/14 17:18:51
 요청 처리 소요 시간 : 1739521131261ms 
-------------------------
 접속한 클라이언트 IP : 0:0:0:0:0:0:0:1
 접근한 URL 경로 : /jspEx01/test/jstl_fmt.jsp?lauguage=ko
 요청 처리 시작 시각 : 2025/02/14 17:18:51
 요청 처리 종료 시각 : 2025/02/14 17:18:51
 요청 처리 소요 시간 : 1739521131779ms 
-------------------------
 접속한 클라이언트 IP : 0:0:0:0:0:0:0:1
 접근한 URL 경로 : /jspEx01/test/jstl_fmt.jsp?lauguage=ko
 요청 처리 시작 시각 : 2025/02/14 17:18:52
 요청 처리 종료 시각 : 2025/02/14 17:18:52
 요청 처리 소요 시간 : 1739521132240ms 
-------------------------
 접속한 클라이언트 IP : 0:0:0:0:0:0:0:1
 접근한 URL 경로 : /jspEx01/test/jstl_fmt.jsp?lauguage=ko
 요청 처리 시작 시각 : 2025/02/14 17:18:52
 요청 처리 종료 시각 : 2025/02/14 17:18:52
 요청 처리 소요 시간 : 1739521132399ms 
-------------------------
 접속한 클라이언트 IP : 0:0:0:0:0:0:0:1
 접근한 URL 경로 : /jspEx01/test/jstl_fmt.jsp?lauguage=en
 요청 처리 시작 시각 : 2025/02/14 17:18:52
 요청 처리 종료 시각 : 2025/02/14 17:18:52
 요청 처리 소요 시간 : 1739521132771ms 
-------------------------
 접속한 클라이언트 IP : 0:0:0:0:0:0:0:1
 접근한 URL 경로 : /jspEx01/test/jstl_fmt.jsp?lauguage=en
 요청 처리 시작 시각 : 2025/02/14 17:18:52
 요청 처리 종료 시각 : 2025/02/14 17:18:52
 요청 처리 소요 시간 : 1739521132925ms 
-------------------------
 접속한 클라이언트 IP : 0:0:0:0:0:0:0:1
 접근한 URL 경로 : /jspEx01/test/jstl_fmt.jsp?lauguage=en
 요청 처리 시작 시각 : 2025/02/14 17:18:53
 요청 처리 종료 시각 : 2025/02/14 17:18:53
 요청 처리 소요 시간 : 1739521133103ms 
-------------------------
 접속한 클라이언트 IP : 0:0:0:0:0:0:0:1
 접근한 URL 경로 : /jspEx01/test/jstl_fmt.jsp?lauguage=ko
 요청 처리 시작 시각 : 2025/02/14 17:18:53
 요청 처리 종료 시각 : 2025/02/14 17:18:53
 요청 처리 소요 시간 : 1739521133522ms 
-------------------------
 접속한 클라이언트 IP : 0:0:0:0:0:0:0:1
 접근한 URL 경로 : /jspEx01/test/jstl_fmt.jsp?lauguage=ko
 요청 처리 시작 시각 : 2025/02/14 17:18:53
 요청 처리 종료 시각 : 2025/02/14 17:18:53
 요청 처리 소요 시간 : 1739521133646ms 
-------------------------
 접속한 클라이언트 IP : 0:0:0:0:0:0:0:1
 접근한 URL 경로 : /jspEx01/test/jstl_fmt.jsp?lauguage=ko
 요청 처리 시작 시각 : 2025/02/14 17:19:29
 요청 처리 종료 시각 : 2025/02/14 17:19:29
 요청 처리 소요 시간 : 1739521169079ms 
-------------------------
 접속한 클라이언트 IP : 0:0:0:0:0:0:0:1
 접근한 URL 경로 : /jspEx01/test/jstl_fmt.jsp?lauguage=ko
 요청 처리 시작 시각 : 2025/02/14 17:19:29
 요청 처리 종료 시각 : 2025/02/14 17:19:29
 요청 처리 소요 시간 : 1739521169237ms 
-------------------------
 접속한 클라이언트 IP : 0:0:0:0:0:0:0:1
 접근한 URL 경로 : /jspEx01/test/jstl_fmt.jsp?lauguage=ko
 요청 처리 시작 시각 : 2025/02/14 17:19:29
 요청 처리 종료 시각 : 2025/02/14 17:19:29
 요청 처리 소요 시간 : 1739521169398ms 
-------------------------
 접속한 클라이언트 IP : 0:0:0:0:0:0:0:1
 접근한 URL 경로 : /jspEx01/test/jstl_fmt.jsp?lauguage=ko
 요청 처리 시작 시각 : 2025/02/14 17:19:29
 요청 처리 종료 시각 : 2025/02/14 17:19:29
 요청 처리 소요 시간 : 1739521169575ms 
-------------------------
 접속한 클라이언트 IP : 0:0:0:0:0:0:0:1
 접근한 URL 경로 : /jspEx01/test/jstl_fmt.jsp?lauguage=ko
 요청 처리 시작 시각 : 2025/02/14 17:19:29
 요청 처리 종료 시각 : 2025/02/14 17:19:29
 요청 처리 소요 시간 : 1739521169742ms 
-------------------------
 접속한 클라이언트 IP : 0:0:0:0:0:0:0:1
 접근한 URL 경로 : /jspEx01/test/jstl_fmt.jsp?lauguage=ko
 요청 처리 시작 시각 : 2025/02/14 17:19:29
 요청 처리 종료 시각 : 2025/02/14 17:19:29
 요청 처리 소요 시간 : 1739521169919ms 
-------------------------
 접속한 클라이언트 IP : 0:0:0:0:0:0:0:1
 접근한 URL 경로 : /jspEx01/test/jstl_fmt.jsp?lauguage=ko
 요청 처리 시작 시각 : 2025/02/14 17:19:30
 요청 처리 종료 시각 : 2025/02/14 17:19:30
 요청 처리 소요 시간 : 1739521170063ms 
-------------------------
 접속한 클라이언트 IP : 0:0:0:0:0:0:0:1
 접근한 URL 경로 : /jspEx01/test/jstl_fmt.jsp?lauguage=en
 요청 처리 시작 시각 : 2025/02/14 17:19:30
 요청 처리 종료 시각 : 2025/02/14 17:19:30
 요청 처리 소요 시간 : 1739521170971ms 
-------------------------
 접속한 클라이언트 IP : 0:0:0:0:0:0:0:1
 접근한 URL 경로 : /jspEx01/test/jstl_fmt.jsp?lauguage=ko
 요청 처리 시작 시각 : 2025/02/14 17:19:31
 요청 처리 종료 시각 : 2025/02/14 17:19:31
 요청 처리 소요 시간 : 1739521171306ms 
-------------------------
 접속한 클라이언트 IP : 0:0:0:0:0:0:0:1
 접근한 URL 경로 : /jspEx01/test/jstl_fmt.jsp?lauguage=en
 요청 처리 시작 시각 : 2025/02/14 17:19:31
 요청 처리 종료 시각 : 2025/02/14 17:19:31
 요청 처리 소요 시간 : 1739521171664ms 
-------------------------
 접속한 클라이언트 IP : 0:0:0:0:0:0:0:1
 접근한 URL 경로 : /jspEx01/test/jstl_fmt.jsp?lauguage=ko
 요청 처리 시작 시각 : 2025/02/14 17:19:31
 요청 처리 종료 시각 : 2025/02/14 17:19:31
 요청 처리 소요 시간 : 1739521171963ms 
-------------------------
 접속한 클라이언트 IP : 0:0:0:0:0:0:0:1
 접근한 URL 경로 : /jspEx01/test/jstl_fmt.jsp?lauguage=ko
 요청 처리 시작 시각 : 2025/02/14 17:21:17
 요청 처리 종료 시각 : 2025/02/14 17:21:17
 요청 처리 소요 시간 : 1739521277239ms 
-------------------------
 접속한 클라이언트 IP : 0:0:0:0:0:0:0:1
 접근한 URL 경로 : /jspEx01/test/jstl_fmt.jsp?lauguage=ko
 요청 처리 시작 시각 : 2025/02/14 17:21:17
 요청 처리 종료 시각 : 2025/02/14 17:21:17
 요청 처리 소요 시간 : 1739521277831ms 
-------------------------
 접속한 클라이언트 IP : 0:0:0:0:0:0:0:1
 접근한 URL 경로 : /jspEx01/test/jstl_fmt.jsp?lauguage=ko
 요청 처리 시작 시각 : 2025/02/14 17:21:17
 요청 처리 종료 시각 : 2025/02/14 17:21:17
 요청 처리 소요 시간 : 1739521277977ms 
-------------------------
 접속한 클라이언트 IP : 0:0:0:0:0:0:0:1
 접근한 URL 경로 : /jspEx01/test/jstl_fmt.jsp?language=en
 요청 처리 시작 시각 : 2025/02/14 17:21:20
 요청 처리 종료 시각 : 2025/02/14 17:21:20
 요청 처리 소요 시간 : 1739521280132ms 
-------------------------
 접속한 클라이언트 IP : 0:0:0:0:0:0:0:1
 접근한 URL 경로 : /jspEx01/test/jstl_fmt.jsp?language=ko
 요청 처리 시작 시각 : 2025/02/14 17:21:20
 요청 처리 종료 시각 : 2025/02/14 17:21:20
 요청 처리 소요 시간 : 1739521280426ms 
-------------------------
 접속한 클라이언트 IP : 0:0:0:0:0:0:0:1
 접근한 URL 경로 : /jspEx01/test/jstl_fmt.jsp?language=ko
 요청 처리 시작 시각 : 2025/02/14 17:21:49
 요청 처리 종료 시각 : 2025/02/14 17:21:49
 요청 처리 소요 시간 : 1739521309776ms 
-------------------------
 접속한 클라이언트 IP : 0:0:0:0:0:0:0:1
 접근한 URL 경로 : /jspEx01/test/jstl_fmt.jsp?language=ko
 요청 처리 시작 시각 : 2025/02/14 17:21:50
 요청 처리 종료 시각 : 2025/02/14 17:21:50
 요청 처리 소요 시간 : 1739521310159ms 
-------------------------
 접속한 클라이언트 IP : 0:0:0:0:0:0:0:1
 접근한 URL 경로 : /jspEx01/test/jstl_fmt.jsp?language=ko
 요청 처리 시작 시각 : 2025/02/14 17:21:50
 요청 처리 종료 시각 : 2025/02/14 17:21:50
 요청 처리 소요 시간 : 1739521310326ms 
-------------------------
 접속한 클라이언트 IP : 0:0:0:0:0:0:0:1
 접근한 URL 경로 : /jspEx01/test/jstl_fmt.jsp?language=ko
 요청 처리 시작 시각 : 2025/02/14 17:21:50
 요청 처리 종료 시각 : 2025/02/14 17:21:50
 요청 처리 소요 시간 : 1739521310494ms 
-------------------------
 접속한 클라이언트 IP : 0:0:0:0:0:0:0:1
 접근한 URL 경로 : /jspEx01/test/jstl_fmt.jsp?language=ko
 요청 처리 시작 시각 : 2025/02/14 17:21:53
 요청 처리 종료 시각 : 2025/02/14 17:21:53
 요청 처리 소요 시간 : 1739521313047ms 
-------------------------
 접속한 클라이언트 IP : 0:0:0:0:0:0:0:1
 접근한 URL 경로 : /jspEx01/test/jstl_fmt.jsp?language=ko
 요청 처리 시작 시각 : 2025/02/14 17:21:53
 요청 처리 종료 시각 : 2025/02/14 17:21:53
 요청 처리 소요 시간 : 1739521313201ms 
-------------------------
 접속한 클라이언트 IP : 0:0:0:0:0:0:0:1
 접근한 URL 경로 : /jspEx01/test/jstl_fmt.jsp?language=ko
 요청 처리 시작 시각 : 2025/02/14 17:25:51
 요청 처리 종료 시각 : 2025/02/14 17:25:51
 요청 처리 소요 시간 : 1739521551449ms 
-------------------------
 접속한 클라이언트 IP : 0:0:0:0:0:0:0:1
 접근한 URL 경로 : /jspEx01/test/jstl_fmt.jsp?language=ko
 요청 처리 시작 시각 : 2025/02/14 17:26:04
 요청 처리 종료 시각 : 2025/02/14 17:26:04
 요청 처리 소요 시간 : 1739521564261ms 
-------------------------
 접속한 클라이언트 IP : 0:0:0:0:0:0:0:1
 접근한 URL 경로 : /jspEx01/test/jstl_fmt.jsp?language=en
 요청 처리 시작 시각 : 2025/02/14 17:26:05
 요청 처리 종료 시각 : 2025/02/14 17:26:05
 요청 처리 소요 시간 : 1739521565291ms 
-------------------------
 접속한 클라이언트 IP : 0:0:0:0:0:0:0:1
 접근한 URL 경로 : /jspEx01/test/jstl_fmt.jsp?language=ko
 요청 처리 시작 시각 : 2025/02/14 17:26:07
 요청 처리 종료 시각 : 2025/02/14 17:26:07
 요청 처리 소요 시간 : 1739521567847ms 
-------------------------
 접속한 클라이언트 IP : 0:0:0:0:0:0:0:1
 접근한 URL 경로 : /jspEx01/test/jstl_fmt.jsp?language=en
 요청 처리 시작 시각 : 2025/02/14 17:26:08
 요청 처리 종료 시각 : 2025/02/14 17:26:08
 요청 처리 소요 시간 : 1739521568250ms 
-------------------------
 접속한 클라이언트 IP : 0:0:0:0:0:0:0:1
 접근한 URL 경로 : /jspEx01/test/jstl_fmt.jsp?language=ko
 요청 처리 시작 시각 : 2025/02/14 17:26:08
 요청 처리 종료 시각 : 2025/02/14 17:26:08
 요청 처리 소요 시간 : 1739521568796ms 
-------------------------
 접속한 클라이언트 IP : 0:0:0:0:0:0:0:1
 접근한 URL 경로 : /jspEx01/test/jstl_fmt.jsp?language=en
 요청 처리 시작 시각 : 2025/02/14 17:26:09
 요청 처리 종료 시각 : 2025/02/14 17:26:09
 요청 처리 소요 시간 : 1739521569234ms 
-------------------------
 접속한 클라이언트 IP : 0:0:0:0:0:0:0:1
 접근한 URL 경로 : /jspEx01/test/jstl_fmt.jsp?language=ko
 요청 처리 시작 시각 : 2025/02/14 17:26:13
 요청 처리 종료 시각 : 2025/02/14 17:26:13
 요청 처리 소요 시간 : 1739521573961ms 
-------------------------
 접속한 클라이언트 IP : 0:0:0:0:0:0:0:1
 접근한 URL 경로 : /jspEx01/test/jstl_fmt.jsp?language=en
 요청 처리 시작 시각 : 2025/02/14 17:26:14
 요청 처리 종료 시각 : 2025/02/14 17:26:14
 요청 처리 소요 시간 : 1739521574388ms 
-------------------------
 접속한 클라이언트 IP : 0:0:0:0:0:0:0:1
 접근한 URL 경로 : /jspEx01/test/jstl_fmt.jsp?language=ko
 요청 처리 시작 시각 : 2025/02/14 17:26:14
 요청 처리 종료 시각 : 2025/02/14 17:26:14
 요청 처리 소요 시간 : 1739521574835ms 
-------------------------
 접속한 클라이언트 IP : 0:0:0:0:0:0:0:1
 접근한 URL 경로 : /jspEx01/test/jstl_fmt.jsp?language=en
 요청 처리 시작 시각 : 2025/02/14 17:26:15
 요청 처리 종료 시각 : 2025/02/14 17:26:15
 요청 처리 소요 시간 : 1739521575241ms 
-------------------------
 접속한 클라이언트 IP : 0:0:0:0:0:0:0:1
 접근한 URL 경로 : /jspEx01/test/jstl_fmt.jsp?language=ko
 요청 처리 시작 시각 : 2025/02/14 17:28:18
 요청 처리 종료 시각 : 2025/02/14 17:28:18
 요청 처리 소요 시간 : 1739521698555ms 
-------------------------
 접속한 클라이언트 IP : 0:0:0:0:0:0:0:1
 접근한 URL 경로 : /jspEx01/test/jstl_fmt.jsp?language=ko
 요청 처리 시작 시각 : 2025/02/14 17:28:19
 요청 처리 종료 시각 : 2025/02/14 17:28:19
 요청 처리 소요 시간 : 1739521699247ms 
-------------------------
 접속한 클라이언트 IP : 0:0:0:0:0:0:0:1
 접근한 URL 경로 : /jspEx01/test/jstl_fmt.jsp
 요청 처리 시작 시각 : 2025/02/14 17:28:25
 요청 처리 종료 시각 : 2025/02/14 17:28:25
 요청 처리 소요 시간 : 1739521705071ms 
-------------------------
 접속한 클라이언트 IP : 0:0:0:0:0:0:0:1
 접근한 URL 경로 : /jspEx01/test/jstl_fmt.jsp?language=ko
 요청 처리 시작 시각 : 2025/02/14 17:28:41
 요청 처리 종료 시각 : 2025/02/14 17:28:41
 요청 처리 소요 시간 : 1739521721084ms 
-------------------------
 접속한 클라이언트 IP : 0:0:0:0:0:0:0:1
 접근한 URL 경로 : /jspEx01/test/jstl_fmt.jsp?language=en
 요청 처리 시작 시각 : 2025/02/14 17:28:42
 요청 처리 종료 시각 : 2025/02/14 17:28:42
 요청 처리 소요 시간 : 1739521722028ms 
-------------------------
 접속한 클라이언트 IP : 0:0:0:0:0:0:0:1
 접근한 URL 경로 : /jspEx01/test/jstl_fmt.jsp?language=ko
 요청 처리 시작 시각 : 2025/02/14 17:28:42
 요청 처리 종료 시각 : 2025/02/14 17:28:42
 요청 처리 소요 시간 : 1739521722874ms 
-------------------------
 접속한 클라이언트 IP : 0:0:0:0:0:0:0:1
 접근한 URL 경로 : /jspEx01/test/jstl_fmt.jsp?language=en
 요청 처리 시작 시각 : 2025/02/14 17:28:55
 요청 처리 종료 시각 : 2025/02/14 17:28:55
 요청 처리 소요 시간 : 1739521735975ms 
-------------------------
 접속한 클라이언트 IP : 0:0:0:0:0:0:0:1
 접근한 URL 경로 : /jspEx01/test/session.jsp
 요청 처리 시작 시각 : 2025/02/14 17:35:52
 요청 처리 종료 시각 : 2025/02/14 17:35:52
 요청 처리 소요 시간 : 1739522152534ms 
-------------------------
 접속한 클라이언트 IP : 0:0:0:0:0:0:0:1
 접근한 URL 경로 : /jspEx01/test/session_process.jsp
 요청 처리 시작 시각 : 2025/02/14 17:36:14
 요청 처리 종료 시각 : 2025/02/14 17:36:14
 요청 처리 소요 시간 : 1739522174685ms 
-------------------------
 접속한 클라이언트 IP : 0:0:0:0:0:0:0:1
 접근한 URL 경로 : /jspEx01/test/welcome.jsp
 요청 처리 시작 시각 : 2025/02/14 17:36:14
 요청 처리 종료 시각 : 2025/02/14 17:36:14
 요청 처리 소요 시간 : 1739522174773ms 
-------------------------
 접속한 클라이언트 IP : 0:0:0:0:0:0:0:1
 접근한 URL 경로 : /jspEx01/test/session_out.jsp
 요청 처리 시작 시각 : 2025/02/14 17:36:34
 요청 처리 종료 시각 : 2025/02/14 17:36:34
 요청 처리 소요 시간 : 1739522194635ms 
-------------------------
 접속한 클라이언트 IP : 0:0:0:0:0:0:0:1
 접근한 URL 경로 : /jspEx01/test/session.jsp
 요청 처리 시작 시각 : 2025/02/14 17:36:34
 요청 처리 종료 시각 : 2025/02/14 17:36:34
 요청 처리 소요 시간 : 1739522194716ms 
-------------------------
 접속한 클라이언트 IP : 0:0:0:0:0:0:0:1
 접근한 URL 경로 : /jspEx01/test/session_process.jsp
 요청 처리 시작 시각 : 2025/02/14 17:36:40
 요청 처리 종료 시각 : 2025/02/14 17:36:40
 요청 처리 소요 시간 : 1739522200021ms 
-------------------------
 접속한 클라이언트 IP : 0:0:0:0:0:0:0:1
 접근한 URL 경로 : /jspEx01/test/session_process.jsp
 요청 처리 시작 시각 : 2025/02/14 17:37:22
 요청 처리 종료 시각 : 2025/02/14 17:37:22
 요청 처리 소요 시간 : 1739522242617ms 
-------------------------
 접속한 클라이언트 IP : 0:0:0:0:0:0:0:1
 접근한 URL 경로 : /jspEx01/test/session.jsp
 요청 처리 시작 시각 : 2025/02/14 17:37:23
 요청 처리 종료 시각 : 2025/02/14 17:37:23
 요청 처리 소요 시간 : 1739522243792ms 
-------------------------
 접속한 클라이언트 IP : 0:0:0:0:0:0:0:1
 접근한 URL 경로 : /jspEx01/test/session_process.jsp
 요청 처리 시작 시각 : 2025/02/14 17:37:25
 요청 처리 종료 시각 : 2025/02/14 17:37:25
 요청 처리 소요 시간 : 1739522245340ms 
-------------------------
 접속한 클라이언트 IP : 0:0:0:0:0:0:0:1
 접근한 URL 경로 : /jspEx01/test/session.jsp
 요청 처리 시작 시각 : 2025/02/14 17:37:41
 요청 처리 종료 시각 : 2025/02/14 17:37:41
 요청 처리 소요 시간 : 1739522261567ms 
-------------------------
 접속한 클라이언트 IP : 0:0:0:0:0:0:0:1
 접근한 URL 경로 : /jspEx01/test/session_process.jsp
 요청 처리 시작 시각 : 2025/02/14 17:37:45
 요청 처리 종료 시각 : 2025/02/14 17:37:45
 요청 처리 소요 시간 : 1739522265855ms 
-------------------------
 접속한 클라이언트 IP : 0:0:0:0:0:0:0:1
 접근한 URL 경로 : /jspEx01/test/welcome.jsp
 요청 처리 시작 시각 : 2025/02/14 17:37:45
 요청 처리 종료 시각 : 2025/02/14 17:37:45
 요청 처리 소요 시간 : 1739522265858ms 
-------------------------
 접속한 클라이언트 IP : 0:0:0:0:0:0:0:1
 접근한 URL 경로 : /jspEx01/test/session_out.jsp
 요청 처리 시작 시각 : 2025/02/14 17:37:48
 요청 처리 종료 시각 : 2025/02/14 17:37:48
 요청 처리 소요 시간 : 1739522268443ms 
-------------------------
 접속한 클라이언트 IP : 0:0:0:0:0:0:0:1
 접근한 URL 경로 : /jspEx01/test/session.jsp
 요청 처리 시작 시각 : 2025/02/14 17:37:48
 요청 처리 종료 시각 : 2025/02/14 17:37:48
 요청 처리 소요 시간 : 1739522268447ms 
-------------------------
 접속한 클라이언트 IP : 0:0:0:0:0:0:0:1
 접근한 URL 경로 : /jspEx01/ex16/delete02.jsp
 요청 처리 시작 시각 : 2025/02/17 09:13:36
 요청 처리 종료 시각 : 2025/02/17 09:13:36
 요청 처리 소요 시간 : 1739751216016ms 
-------------------------
 접속한 클라이언트 IP : 0:0:0:0:0:0:0:1
 접근한 URL 경로 : /jspEx01/ex16/delete02.jsp
 요청 처리 시작 시각 : 2025/02/17 09:20:26
 요청 처리 종료 시각 : 2025/02/17 09:20:26
 요청 처리 소요 시간 : 1739751626436ms 
-------------------------
 접속한 클라이언트 IP : 0:0:0:0:0:0:0:1
 접근한 URL 경로 : /jspEx01/ex16/delete02_process.jsp
 요청 처리 시작 시각 : 2025/02/17 09:20:28
 요청 처리 종료 시각 : 2025/02/17 09:20:29
 요청 처리 소요 시간 : 1739751628952ms 
-------------------------
 접속한 클라이언트 IP : 0:0:0:0:0:0:0:1
 접근한 URL 경로 : /jspEx01/ex16/delete02.jsp
 요청 처리 시작 시각 : 2025/02/17 09:20:47
 요청 처리 종료 시각 : 2025/02/17 09:20:47
 요청 처리 소요 시간 : 1739751647556ms 
-------------------------
 접속한 클라이언트 IP : 0:0:0:0:0:0:0:1
 접근한 URL 경로 : /jspEx01/ex16/delete02_process.jsp
 요청 처리 시작 시각 : 2025/02/17 09:20:50
 요청 처리 종료 시각 : 2025/02/17 09:20:50
 요청 처리 소요 시간 : 1739751650054ms 
-------------------------
 접속한 클라이언트 IP : 0:0:0:0:0:0:0:1
 접근한 URL 경로 : /jspEx01/ex16/delete02.jsp
 요청 처리 시작 시각 : 2025/02/17 09:22:23
 요청 처리 종료 시각 : 2025/02/17 09:22:23
 요청 처리 소요 시간 : 1739751743126ms 
-------------------------
 접속한 클라이언트 IP : 0:0:0:0:0:0:0:1
 접근한 URL 경로 : /jspEx01/ex16/delete02.jsp
 요청 처리 시작 시각 : 2025/02/17 09:22:23
 요청 처리 종료 시각 : 2025/02/17 09:22:23
 요청 처리 소요 시간 : 1739751743282ms 
-------------------------
 접속한 클라이언트 IP : 0:0:0:0:0:0:0:1
 접근한 URL 경로 : /jspEx01/ex16/delete02.jsp
 요청 처리 시작 시각 : 2025/02/17 09:22:23
 요청 처리 종료 시각 : 2025/02/17 09:22:23
 요청 처리 소요 시간 : 1739751743403ms 
-------------------------
 접속한 클라이언트 IP : 0:0:0:0:0:0:0:1
 접근한 URL 경로 : /jspEx01/ex16/delete02_process.jsp
 요청 처리 시작 시각 : 2025/02/17 09:22:24
 요청 처리 종료 시각 : 2025/02/17 09:22:24
 요청 처리 소요 시간 : 1739751744786ms 
-------------------------
 접속한 클라이언트 IP : 0:0:0:0:0:0:0:1
 접근한 URL 경로 : /jspEx01/ex16/delete02_process.jsp
 요청 처리 시작 시각 : 2025/02/17 09:22:32
 요청 처리 종료 시각 : 2025/02/17 09:22:32
 요청 처리 소요 시간 : 1739751752210ms 
-------------------------
 접속한 클라이언트 IP : 0:0:0:0:0:0:0:1
 접근한 URL 경로 : /jspEx01/books.jsp
 요청 처리 시작 시각 : 2025/02/17 09:49:26
 요청 처리 종료 시각 : 2025/02/17 09:49:26
 요청 처리 소요 시간 : 1739753366035ms 
-------------------------
 접속한 클라이언트 IP : 0:0:0:0:0:0:0:1
 접근한 URL 경로 : /jspEx01/resources/images/ISBN1234.jpg
 접속한 클라이언트 IP : 0:0:0:0:0:0:0:1
 요청 처리 시작 시각 : 2025/02/17 09:49:26
 접근한 URL 경로 : /jspEx01/resources/css/bootstrap.min.css
 요청 처리 시작 시각 : 2025/02/17 09:49:26
 접속한 클라이언트 IP : 0:0:0:0:0:0:0:1
 접근한 URL 경로 : /jspEx01/resources/images/ISBN1235.jpg
 요청 처리 시작 시각 : 2025/02/17 09:49:26
 접속한 클라이언트 IP : 0:0:0:0:0:0:0:1
 접근한 URL 경로 : /jspEx01/resources/images/ISBN1236.jpg
 요청 처리 시작 시각 : 2025/02/17 09:49:26
 요청 처리 종료 시각 : 2025/02/17 09:49:26
 요청 처리 종료 시각 : 2025/02/17 09:49:26
 요청 처리 소요 시간 : 1739753366324ms 
-------------------------
 요청 처리 종료 시각 : 2025/02/17 09:49:26
 요청 처리 종료 시각 : 2025/02/17 09:49:26
 요청 처리 소요 시간 : 1739753366323ms 
 요청 처리 소요 시간 : 1739753366323ms 
-------------------------
 요청 처리 소요 시간 : 1739753366323ms 
-------------------------
-------------------------
 접속한 클라이언트 IP : 0:0:0:0:0:0:0:1
 접근한 URL 경로 : /jspEx01/member/loginMember.jsp;jsessionid=A14F53F3595E08AEA3785AB2965514CC
 요청 처리 시작 시각 : 2025/02/17 09:49:27
 요청 처리 종료 시각 : 2025/02/17 09:49:27
 요청 처리 소요 시간 : 1739753367262ms 
-------------------------
 접속한 클라이언트 IP : 0:0:0:0:0:0:0:1
 접근한 URL 경로 : /jspEx01/member/processLoginMember.jsp
 요청 처리 시작 시각 : 2025/02/17 09:49:31
 접속한 클라이언트 IP : 0:0:0:0:0:0:0:1
 접근한 URL 경로 : /jspEx01/member/processLoginMember.jsp
 요청 처리 시작 시각 : 2025/02/17 09:50:52
 접속한 클라이언트 IP : 0:0:0:0:0:0:0:1
 접근한 URL 경로 : /jspEx01/member/loginMember.jsp;jsessionid=A14F53F3595E08AEA3785AB2965514CC
 요청 처리 시작 시각 : 2025/02/17 10:16:00
 요청 처리 종료 시각 : 2025/02/17 10:16:00
 요청 처리 소요 시간 : 1739754960165ms 
-------------------------
 접속한 클라이언트 IP : 0:0:0:0:0:0:0:1
 접근한 URL 경로 : /jspEx01/member/loginMember.jsp;jsessionid=A14F53F3595E08AEA3785AB2965514CC
 요청 처리 시작 시각 : 2025/02/17 10:16:00
 요청 처리 종료 시각 : 2025/02/17 10:16:00
 요청 처리 소요 시간 : 1739754960339ms 
-------------------------
 접속한 클라이언트 IP : 0:0:0:0:0:0:0:1
 접근한 URL 경로 : /jspEx01/member/processLoginMember.jsp
 요청 처리 시작 시각 : 2025/02/17 10:16:03
 접속한 클라이언트 IP : 0:0:0:0:0:0:0:1
 접근한 URL 경로 : /jspEx01/member/processLoginMember.jsp
 요청 처리 시작 시각 : 2025/02/17 10:18:40
 요청 처리 종료 시각 : 2025/02/17 10:18:40
 요청 처리 소요 시간 : 1739755120586ms 
-------------------------
 접속한 클라이언트 IP : 0:0:0:0:0:0:0:1
 접근한 URL 경로 : /jspEx01/member/loginMember.jsp?error=1
 요청 처리 시작 시각 : 2025/02/17 10:18:40
 요청 처리 종료 시각 : 2025/02/17 10:18:40
 요청 처리 소요 시간 : 1739755120732ms 
-------------------------
 접속한 클라이언트 IP : 0:0:0:0:0:0:0:1
 접근한 URL 경로 : /jspEx01/member/addMember.jsp
 요청 처리 시작 시각 : 2025/02/17 10:18:43
 요청 처리 종료 시각 : 2025/02/17 10:18:43
 요청 처리 소요 시간 : 1739755123135ms 
-------------------------
 접속한 클라이언트 IP : 0:0:0:0:0:0:0:1
 접근한 URL 경로 : /jspEx01/member/processAddMember.jsp
 요청 처리 시작 시각 : 2025/02/17 10:19:08
 요청 처리 종료 시각 : 2025/02/17 10:19:09
 요청 처리 소요 시간 : 1739755148689ms 
-------------------------
 접속한 클라이언트 IP : 0:0:0:0:0:0:0:1
 접근한 URL 경로 : /jspEx01/member/resultMember.jsp?msg=1
 요청 처리 시작 시각 : 2025/02/17 10:19:09
 요청 처리 종료 시각 : 2025/02/17 10:19:09
 요청 처리 소요 시간 : 1739755149016ms 
-------------------------
 접속한 클라이언트 IP : 0:0:0:0:0:0:0:1
 접근한 URL 경로 : /jspEx01/member/loginMember.jsp
 요청 처리 시작 시각 : 2025/02/17 10:19:11
 요청 처리 종료 시각 : 2025/02/17 10:19:11
 요청 처리 소요 시간 : 1739755151351ms 
-------------------------
 접속한 클라이언트 IP : 0:0:0:0:0:0:0:1
 접근한 URL 경로 : /jspEx01/member/processLoginMember.jsp
 요청 처리 시작 시각 : 2025/02/17 10:19:14
 요청 처리 종료 시각 : 2025/02/17 10:19:14
 요청 처리 소요 시간 : 1739755154305ms 
-------------------------
 접속한 클라이언트 IP : 0:0:0:0:0:0:0:1
 접근한 URL 경로 : /jspEx01/member/resultMember.jsp?msg=2
 요청 처리 시작 시각 : 2025/02/17 10:19:14
 요청 처리 종료 시각 : 2025/02/17 10:19:14
 요청 처리 소요 시간 : 1739755154333ms 
-------------------------
 접속한 클라이언트 IP : 0:0:0:0:0:0:0:1
 접근한 URL 경로 : /jspEx01/member/updateMember.jsp
 요청 처리 시작 시각 : 2025/02/17 10:19:16
 요청 처리 종료 시각 : 2025/02/17 10:19:17
 요청 처리 소요 시간 : 1739755156916ms 
-------------------------
 접속한 클라이언트 IP : 0:0:0:0:0:0:0:1
 접근한 URL 경로 : /jspEx01/member/books.jsp
 요청 처리 시작 시각 : 2025/02/17 10:19:20
 요청 처리 종료 시각 : 2025/02/17 10:19:20
 요청 처리 소요 시간 : 1739755160038ms 
-------------------------
 접속한 클라이언트 IP : 0:0:0:0:0:0:0:1
 접근한 URL 경로 : /jspEx01/member/updateMember.jsp
 요청 처리 시작 시각 : 2025/02/17 10:19:48
 요청 처리 종료 시각 : 2025/02/17 10:19:48
 요청 처리 소요 시간 : 1739755188532ms 
-------------------------
 접속한 클라이언트 IP : 0:0:0:0:0:0:0:1
 접근한 URL 경로 : /jspEx01/member/books.jsp
 요청 처리 시작 시각 : 2025/02/17 10:19:48
 요청 처리 종료 시각 : 2025/02/17 10:19:48
 요청 처리 소요 시간 : 1739755188978ms 
-------------------------
 접속한 클라이언트 IP : 0:0:0:0:0:0:0:1
 접근한 URL 경로 : /jspEx01/member/welcome.jsp
 요청 처리 시작 시각 : 2025/02/17 10:20:13
 요청 처리 종료 시각 : 2025/02/17 10:20:13
 요청 처리 소요 시간 : 1739755213423ms 
-------------------------
 접속한 클라이언트 IP : 0:0:0:0:0:0:0:1
 접근한 URL 경로 : /jspEx01/member/updateMember.jsp
 요청 처리 시작 시각 : 2025/02/17 10:20:19
 요청 처리 종료 시각 : 2025/02/17 10:20:19
 요청 처리 소요 시간 : 1739755219388ms 
-------------------------
 접속한 클라이언트 IP : 0:0:0:0:0:0:0:1
 접근한 URL 경로 : /jspEx01/member/updateMember.jsp
 요청 처리 시작 시각 : 2025/02/17 10:20:20
 요청 처리 종료 시각 : 2025/02/17 10:20:20
 요청 처리 소요 시간 : 1739755220126ms 
-------------------------
 접속한 클라이언트 IP : 0:0:0:0:0:0:0:1
 접근한 URL 경로 : /jspEx01/member/logoutMember.jsp
 요청 처리 시작 시각 : 2025/02/17 10:20:20
 요청 처리 종료 시각 : 2025/02/17 10:20:20
 요청 처리 소요 시간 : 1739755220838ms 
-------------------------
 접속한 클라이언트 IP : 0:0:0:0:0:0:0:1
 접근한 URL 경로 : /jspEx01/member/loginMember.jsp
 요청 처리 시작 시각 : 2025/02/17 10:20:21
 요청 처리 종료 시각 : 2025/02/17 10:20:21
 요청 처리 소요 시간 : 1739755221001ms 
-------------------------
 접속한 클라이언트 IP : 0:0:0:0:0:0:0:1
 접근한 URL 경로 : /jspEx01/member/loginMember.jsp
 요청 처리 시작 시각 : 2025/02/17 10:20:22
 요청 처리 종료 시각 : 2025/02/17 10:20:22
 요청 처리 소요 시간 : 1739755222757ms 
-------------------------
 접속한 클라이언트 IP : 0:0:0:0:0:0:0:1
 접근한 URL 경로 : /jspEx01/member/welcome.jsp
 요청 처리 시작 시각 : 2025/02/17 10:20:23
 요청 처리 종료 시각 : 2025/02/17 10:20:23
 요청 처리 소요 시간 : 1739755223365ms 
-------------------------
 접속한 클라이언트 IP : 0:0:0:0:0:0:0:1
 접근한 URL 경로 : /jspEx01/member/welcome.jsp
 요청 처리 시작 시각 : 2025/02/17 10:21:44
 요청 처리 종료 시각 : 2025/02/17 10:21:44
 요청 처리 소요 시간 : 1739755304894ms 
-------------------------
 접속한 클라이언트 IP : 0:0:0:0:0:0:0:1
 접근한 URL 경로 : /jspEx01/member/welcome.jsp
 요청 처리 시작 시각 : 2025/02/17 10:22:22
 요청 처리 종료 시각 : 2025/02/17 10:22:22
 요청 처리 소요 시간 : 1739755342470ms 
-------------------------
 접속한 클라이언트 IP : 0:0:0:0:0:0:0:1
 접근한 URL 경로 : /jspEx01/member/welcome.jsp
 요청 처리 시작 시각 : 2025/02/17 10:22:35
 요청 처리 종료 시각 : 2025/02/17 10:22:35
 요청 처리 소요 시간 : 1739755355339ms 
-------------------------
 접속한 클라이언트 IP : 0:0:0:0:0:0:0:1
 접근한 URL 경로 : /jspEx01/member/welcome.jsp
 요청 처리 시작 시각 : 2025/02/17 10:22:35
 요청 처리 종료 시각 : 2025/02/17 10:22:35
 요청 처리 소요 시간 : 1739755355498ms 
-------------------------
 접속한 클라이언트 IP : 0:0:0:0:0:0:0:1
 접근한 URL 경로 : /jspEx01/member/updateMember.jsp
 요청 처리 시작 시각 : 2025/02/17 10:22:36
 요청 처리 종료 시각 : 2025/02/17 10:22:36
 요청 처리 소요 시간 : 1739755356516ms 
-------------------------
 접속한 클라이언트 IP : 0:0:0:0:0:0:0:1
 접근한 URL 경로 : /jspEx01/member/updateMember.jsp
 요청 처리 시작 시각 : 2025/02/17 10:22:36
 요청 처리 종료 시각 : 2025/02/17 10:22:36
 요청 처리 소요 시간 : 1739755356674ms 
-------------------------
 접속한 클라이언트 IP : 0:0:0:0:0:0:0:1
 접근한 URL 경로 : /jspEx01/member/updateMember.jsp
 요청 처리 시작 시각 : 2025/02/17 10:22:36
 요청 처리 종료 시각 : 2025/02/17 10:22:36
 요청 처리 소요 시간 : 1739755356834ms 
-------------------------
 접속한 클라이언트 IP : 0:0:0:0:0:0:0:1
 접근한 URL 경로 : /jspEx01/member/updateMember.jsp
 요청 처리 시작 시각 : 2025/02/17 10:22:36
 요청 처리 종료 시각 : 2025/02/17 10:22:36
 요청 처리 소요 시간 : 1739755356963ms 
-------------------------
 접속한 클라이언트 IP : 0:0:0:0:0:0:0:1
 접근한 URL 경로 : /jspEx01/welcome.jsp
 요청 처리 시작 시각 : 2025/02/17 10:22:37
 요청 처리 종료 시각 : 2025/02/17 10:22:37
 요청 처리 소요 시간 : 1739755357506ms 
-------------------------
 접속한 클라이언트 IP : 0:0:0:0:0:0:0:1
 접근한 URL 경로 : /jspEx01/member/loginMember.jsp
 요청 처리 시작 시각 : 2025/02/17 10:25:01
 요청 처리 종료 시각 : 2025/02/17 10:25:01
 요청 처리 소요 시간 : 1739755501384ms 
-------------------------
 접속한 클라이언트 IP : 0:0:0:0:0:0:0:1
 접근한 URL 경로 : /jspEx01/member/welcome.jsp
 요청 처리 시작 시각 : 2025/02/17 10:25:02
 요청 처리 종료 시각 : 2025/02/17 10:25:02
 요청 처리 소요 시간 : 1739755502790ms 
-------------------------
 접속한 클라이언트 IP : 0:0:0:0:0:0:0:1
 접근한 URL 경로 : /jspEx01/member/loginMember.jsp
 요청 처리 시작 시각 : 2025/02/17 10:25:06
 요청 처리 종료 시각 : 2025/02/17 10:25:06
 요청 처리 소요 시간 : 1739755506631ms 
-------------------------
 접속한 클라이언트 IP : 0:0:0:0:0:0:0:1
 접근한 URL 경로 : /jspEx01/member/welcome.jsp
 요청 처리 시작 시각 : 2025/02/17 10:25:07
 요청 처리 종료 시각 : 2025/02/17 10:25:07
 요청 처리 소요 시간 : 1739755507445ms 
-------------------------
 접속한 클라이언트 IP : 0:0:0:0:0:0:0:1
 접근한 URL 경로 : /jspEx01/member/addMember.jsp
 요청 처리 시작 시각 : 2025/02/17 10:25:12
 요청 처리 종료 시각 : 2025/02/17 10:25:12
 요청 처리 소요 시간 : 1739755512254ms 
-------------------------
 접속한 클라이언트 IP : 0:0:0:0:0:0:0:1
 접근한 URL 경로 : /jspEx01/member/books.jsp
 요청 처리 시작 시각 : 2025/02/17 10:25:12
 요청 처리 종료 시각 : 2025/02/17 10:25:12
 요청 처리 소요 시간 : 1739755512838ms 
-------------------------
 접속한 클라이언트 IP : 0:0:0:0:0:0:0:1
 접근한 URL 경로 : /jspEx01/member/editBook.jsp?edit=delete
 요청 처리 시작 시각 : 2025/02/17 10:25:15
 요청 처리 종료 시각 : 2025/02/17 10:25:15
 요청 처리 소요 시간 : 1739755515255ms 
-------------------------
 접속한 클라이언트 IP : 0:0:0:0:0:0:0:1
 접근한 URL 경로 : /jspEx01/books.jsp
 요청 처리 시작 시각 : 2025/02/17 10:26:01
 요청 처리 종료 시각 : 2025/02/17 10:26:01
 요청 처리 소요 시간 : 1739755561385ms 
-------------------------
 접속한 클라이언트 IP : 0:0:0:0:0:0:0:1
 접근한 URL 경로 : /jspEx01/welcome.jsp
 요청 처리 시작 시각 : 2025/02/17 10:26:04
 요청 처리 종료 시각 : 2025/02/17 10:26:04
 요청 처리 소요 시간 : 1739755564222ms 
-------------------------
 접속한 클라이언트 IP : 0:0:0:0:0:0:0:1
 접근한 URL 경로 : /jspEx01/welcome.jsp
 요청 처리 시작 시각 : 2025/02/17 10:26:04
 요청 처리 종료 시각 : 2025/02/17 10:26:04
 요청 처리 소요 시간 : 1739755564621ms 
-------------------------
 접속한 클라이언트 IP : 0:0:0:0:0:0:0:1
 접근한 URL 경로 : /jspEx01/welcome.jsp
 요청 처리 시작 시각 : 2025/02/17 10:26:04
 요청 처리 종료 시각 : 2025/02/17 10:26:04
 요청 처리 소요 시간 : 1739755564926ms 
-------------------------
 접속한 클라이언트 IP : 0:0:0:0:0:0:0:1
 접근한 URL 경로 : /jspEx01/welcome.jsp
 요청 처리 시작 시각 : 2025/02/17 10:26:05
 요청 처리 종료 시각 : 2025/02/17 10:26:05
 요청 처리 소요 시간 : 1739755565195ms 
-------------------------
 접속한 클라이언트 IP : 0:0:0:0:0:0:0:1
 접근한 URL 경로 : /jspEx01/books.jsp
 요청 처리 시작 시각 : 2025/02/17 10:26:07
 요청 처리 종료 시각 : 2025/02/17 10:26:07
 요청 처리 소요 시간 : 1739755567438ms 
-------------------------
 접속한 클라이언트 IP : 0:0:0:0:0:0:0:1
 접근한 URL 경로 : /jspEx01/book.jsp?id=ISBN1234
 요청 처리 시작 시각 : 2025/02/17 10:26:08
 요청 처리 종료 시각 : 2025/02/17 10:26:08
 요청 처리 소요 시간 : 1739755568831ms 
-------------------------
 접속한 클라이언트 IP : 0:0:0:0:0:0:0:1
 접근한 URL 경로 : /jspEx01/addCart.jsp?id=C
 요청 처리 시작 시각 : 2025/02/17 10:26:11
 접속한 클라이언트 IP : 0:0:0:0:0:0:0:1
 접근한 URL 경로 : /jspEx01/addCart.jsp?id=C
 요청 처리 시작 시각 : 2025/02/17 10:28:18
 요청 처리 종료 시각 : 2025/02/17 10:28:18
 요청 처리 소요 시간 : 1739755698756ms 
-------------------------
 접속한 클라이언트 IP : 0:0:0:0:0:0:0:1
 접근한 URL 경로 : /jspEx01/exceptionNoBookId.jsp
 요청 처리 시작 시각 : 2025/02/17 10:28:18
 요청 처리 종료 시각 : 2025/02/17 10:28:18
 요청 처리 소요 시간 : 1739755698835ms 
-------------------------
 접속한 클라이언트 IP : 0:0:0:0:0:0:0:1
 접근한 URL 경로 : /jspEx01/addCart.jsp?id=C
 요청 처리 시작 시각 : 2025/02/17 10:28:34
 요청 처리 종료 시각 : 2025/02/17 10:28:34
 요청 처리 소요 시간 : 1739755714381ms 
-------------------------
 접속한 클라이언트 IP : 0:0:0:0:0:0:0:1
 접근한 URL 경로 : /jspEx01/exceptionNoBookId.jsp
 요청 처리 시작 시각 : 2025/02/17 10:28:34
 요청 처리 종료 시각 : 2025/02/17 10:28:34
 요청 처리 소요 시간 : 1739755714385ms 
-------------------------
 접속한 클라이언트 IP : 0:0:0:0:0:0:0:1
 접근한 URL 경로 : /jspEx01/books.jsp
 요청 처리 시작 시각 : 2025/02/17 10:28:49
 요청 처리 종료 시각 : 2025/02/17 10:28:49
 요청 처리 소요 시간 : 1739755729591ms 
-------------------------
 접속한 클라이언트 IP : 0:0:0:0:0:0:0:1
 접근한 URL 경로 : /jspEx01/book.jsp?id=ISBN1236
 요청 처리 시작 시각 : 2025/02/17 10:28:51
 요청 처리 종료 시각 : 2025/02/17 10:28:51
 요청 처리 소요 시간 : 1739755731438ms 
-------------------------
 접속한 클라이언트 IP : 0:0:0:0:0:0:0:1
 접근한 URL 경로 : /jspEx01/cart.jsp
 요청 처리 시작 시각 : 2025/02/17 10:28:52
 요청 처리 종료 시각 : 2025/02/17 10:28:52
 요청 처리 소요 시간 : 1739755732806ms 
-------------------------
 접속한 클라이언트 IP : 0:0:0:0:0:0:0:1
 접근한 URL 경로 : /jspEx01/removeCart.jsp?id=ISBN1236
 요청 처리 시작 시각 : 2025/02/17 10:28:55
 요청 처리 종료 시각 : 2025/02/17 10:28:55
 요청 처리 소요 시간 : 1739755735335ms 
-------------------------
 접속한 클라이언트 IP : 0:0:0:0:0:0:0:1
 접근한 URL 경로 : /jspEx01/cart.jsp
 요청 처리 시작 시각 : 2025/02/17 10:28:55
 요청 처리 종료 시각 : 2025/02/17 10:28:55
 요청 처리 소요 시간 : 1739755735441ms 
-------------------------
 접속한 클라이언트 IP : 0:0:0:0:0:0:0:1
 접근한 URL 경로 : /jspEx01/books.jsp
 요청 처리 시작 시각 : 2025/02/17 10:28:58
 요청 처리 종료 시각 : 2025/02/17 10:28:58
 요청 처리 소요 시간 : 1739755738369ms 
-------------------------
 접속한 클라이언트 IP : 0:0:0:0:0:0:0:1
 접근한 URL 경로 : /jspEx01/book.jsp?id=ISBN1235
 요청 처리 시작 시각 : 2025/02/17 10:28:59
 요청 처리 종료 시각 : 2025/02/17 10:28:59
 요청 처리 소요 시간 : 1739755739408ms 
-------------------------
 접속한 클라이언트 IP : 0:0:0:0:0:0:0:1
 접근한 URL 경로 : /jspEx01/addCart.jsp?id=%EC%9E%90%EB%B0%94%EB%A7%88%EC%8A%A4%ED%84%B0
 요청 처리 시작 시각 : 2025/02/17 10:29:01
 요청 처리 종료 시각 : 2025/02/17 10:29:01
 요청 처리 소요 시간 : 1739755741108ms 
-------------------------
 접속한 클라이언트 IP : 0:0:0:0:0:0:0:1
 접근한 URL 경로 : /jspEx01/exceptionNoBookId.jsp
 요청 처리 시작 시각 : 2025/02/17 10:29:01
 요청 처리 종료 시각 : 2025/02/17 10:29:01
 요청 처리 소요 시간 : 1739755741112ms 
-------------------------
 접속한 클라이언트 IP : 0:0:0:0:0:0:0:1
 접근한 URL 경로 : /jspEx01/book.jsp?id=ISBN1234
 요청 처리 시작 시각 : 2025/02/17 10:29:10
 요청 처리 종료 시각 : 2025/02/17 10:29:10
 요청 처리 소요 시간 : 1739755750337ms 
-------------------------
 접속한 클라이언트 IP : 0:0:0:0:0:0:0:1
 접근한 URL 경로 : /jspEx01/addCart.jsp?id=C
 요청 처리 시작 시각 : 2025/02/17 10:29:12
 요청 처리 종료 시각 : 2025/02/17 10:29:12
 요청 처리 소요 시간 : 1739755752237ms 
-------------------------
 접속한 클라이언트 IP : 0:0:0:0:0:0:0:1
 접근한 URL 경로 : /jspEx01/exceptionNoBookId.jsp
 요청 처리 시작 시각 : 2025/02/17 10:29:12
 요청 처리 종료 시각 : 2025/02/17 10:29:12
 요청 처리 소요 시간 : 1739755752240ms 
-------------------------
 접속한 클라이언트 IP : 0:0:0:0:0:0:0:1
 접근한 URL 경로 : /jspEx01/exceptionNoBookId.jsp
 요청 처리 시작 시각 : 2025/02/17 10:30:51
 요청 처리 종료 시각 : 2025/02/17 10:30:51
 요청 처리 소요 시간 : 1739755851542ms 
-------------------------
 접속한 클라이언트 IP : 0:0:0:0:0:0:0:1
 접근한 URL 경로 : /jspEx01/cart.jsp
 요청 처리 시작 시각 : 2025/02/17 10:30:54
 요청 처리 종료 시각 : 2025/02/17 10:30:54
 요청 처리 소요 시간 : 1739755854578ms 
-------------------------
 접속한 클라이언트 IP : 0:0:0:0:0:0:0:1
 접근한 URL 경로 : /jspEx01/deleteCart.jsp?cartId=AECEE5C8E461D394DA1C484983D31A5B
 요청 처리 시작 시각 : 2025/02/17 10:30:55
 요청 처리 종료 시각 : 2025/02/17 10:30:55
 요청 처리 소요 시간 : 1739755855681ms 
-------------------------
 접속한 클라이언트 IP : 0:0:0:0:0:0:0:1
 접근한 URL 경로 : /jspEx01/cart.jsp
 요청 처리 시작 시각 : 2025/02/17 10:30:55
 요청 처리 종료 시각 : 2025/02/17 10:30:55
 요청 처리 소요 시간 : 1739755855752ms 
-------------------------
 접속한 클라이언트 IP : 0:0:0:0:0:0:0:1
 접근한 URL 경로 : /jspEx01/books.jsp
 요청 처리 시작 시각 : 2025/02/17 10:30:56
 요청 처리 종료 시각 : 2025/02/17 10:30:56
 요청 처리 소요 시간 : 1739755856834ms 
-------------------------
 접속한 클라이언트 IP : 0:0:0:0:0:0:0:1
 접근한 URL 경로 : /jspEx01/book.jsp?id=ISBN1235
 요청 처리 시작 시각 : 2025/02/17 10:30:58
 요청 처리 종료 시각 : 2025/02/17 10:30:58
 요청 처리 소요 시간 : 1739755858033ms 
-------------------------
 접속한 클라이언트 IP : 0:0:0:0:0:0:0:1
 접근한 URL 경로 : /jspEx01/addCart.jsp?id=%EC%9E%90%EB%B0%94%EB%A7%88%EC%8A%A4%ED%84%B0
 요청 처리 시작 시각 : 2025/02/17 10:30:59
 요청 처리 종료 시각 : 2025/02/17 10:30:59
 요청 처리 소요 시간 : 1739755859717ms 
-------------------------
 접속한 클라이언트 IP : 0:0:0:0:0:0:0:1
 접근한 URL 경로 : /jspEx01/exceptionNoBookId.jsp
 요청 처리 시작 시각 : 2025/02/17 10:30:59
 요청 처리 종료 시각 : 2025/02/17 10:30:59
 요청 처리 소요 시간 : 1739755859719ms 
-------------------------
 접속한 클라이언트 IP : 0:0:0:0:0:0:0:1
 접근한 URL 경로 : /jspEx01/books.jsp
 요청 처리 시작 시각 : 2025/02/17 10:31:02
 요청 처리 종료 시각 : 2025/02/17 10:31:02
 요청 처리 소요 시간 : 1739755862601ms 
-------------------------
 접속한 클라이언트 IP : 0:0:0:0:0:0:0:1
 접근한 URL 경로 : /jspEx01/book.jsp?id=ISBN1236
 요청 처리 시작 시각 : 2025/02/17 10:31:03
 요청 처리 종료 시각 : 2025/02/17 10:31:03
 요청 처리 소요 시간 : 1739755863944ms 
-------------------------
 접속한 클라이언트 IP : 0:0:0:0:0:0:0:1
 접근한 URL 경로 : /jspEx01/addCart.jsp?id=%ED%8C%8C%EC%9D%B4%EC%8D%AC%20%ED%94%84%EB%A1%9C%EA%B7%B8%EB%9E%98%EB%B0%8D
 요청 처리 시작 시각 : 2025/02/17 10:31:06
 요청 처리 종료 시각 : 2025/02/17 10:31:06
 요청 처리 소요 시간 : 1739755866323ms 
-------------------------
 접속한 클라이언트 IP : 0:0:0:0:0:0:0:1
 접근한 URL 경로 : /jspEx01/exceptionNoBookId.jsp
 요청 처리 시작 시각 : 2025/02/17 10:31:06
 요청 처리 종료 시각 : 2025/02/17 10:31:06
 요청 처리 소요 시간 : 1739755866328ms 
-------------------------
 접속한 클라이언트 IP : 0:0:0:0:0:0:0:1
 접근한 URL 경로 : /jspEx01/book.jsp?id=ISBN1236
 요청 처리 시작 시각 : 2025/02/17 10:32:06
 요청 처리 종료 시각 : 2025/02/17 10:32:06
 요청 처리 소요 시간 : 1739755926814ms 
-------------------------
 접속한 클라이언트 IP : 0:0:0:0:0:0:0:1
 접근한 URL 경로 : /jspEx01/book.jsp?id=ISBN1235
 요청 처리 시작 시각 : 2025/02/17 10:32:09
 요청 처리 종료 시각 : 2025/02/17 10:32:09
 요청 처리 소요 시간 : 1739755929522ms 
-------------------------
 접속한 클라이언트 IP : 0:0:0:0:0:0:0:1
 접근한 URL 경로 : /jspEx01/addCart.jsp?id=%EC%9E%90%EB%B0%94%EB%A7%88%EC%8A%A4%ED%84%B0
 요청 처리 시작 시각 : 2025/02/17 10:32:11
 요청 처리 종료 시각 : 2025/02/17 10:32:11
 요청 처리 소요 시간 : 1739755931716ms 
-------------------------
 접속한 클라이언트 IP : 0:0:0:0:0:0:0:1
 접근한 URL 경로 : /jspEx01/books.jsp
 요청 처리 시작 시각 : 2025/02/17 10:32:11
 요청 처리 종료 시각 : 2025/02/17 10:32:11
 요청 처리 소요 시간 : 1739755931804ms 
-------------------------
 접속한 클라이언트 IP : 0:0:0:0:0:0:0:1
 접근한 URL 경로 : /jspEx01/book.jsp?id=ISBN1234
 요청 처리 시작 시각 : 2025/02/17 10:32:14
 요청 처리 종료 시각 : 2025/02/17 10:32:14
 요청 처리 소요 시간 : 1739755934463ms 
-------------------------
 접속한 클라이언트 IP : 0:0:0:0:0:0:0:1
 접근한 URL 경로 : /jspEx01/cart.jsp
 요청 처리 시작 시각 : 2025/02/17 10:32:15
 요청 처리 종료 시각 : 2025/02/17 10:32:15
 요청 처리 소요 시간 : 1739755935569ms 
-------------------------
 접속한 클라이언트 IP : 0:0:0:0:0:0:0:1
 접근한 URL 경로 : /jspEx01/books.jsp
 요청 처리 시작 시각 : 2025/02/17 10:32:17
 요청 처리 종료 시각 : 2025/02/17 10:32:17
 요청 처리 소요 시간 : 1739755937624ms 
-------------------------
 접속한 클라이언트 IP : 0:0:0:0:0:0:0:1
 접근한 URL 경로 : /jspEx01/book.jsp?id=ISBN1236
 요청 처리 시작 시각 : 2025/02/17 10:32:18
 요청 처리 종료 시각 : 2025/02/17 10:32:18
 요청 처리 소요 시간 : 1739755938760ms 
-------------------------
 접속한 클라이언트 IP : 0:0:0:0:0:0:0:1
 접근한 URL 경로 : /jspEx01/addCart.jsp?id=%ED%8C%8C%EC%9D%B4%EC%8D%AC%20%ED%94%84%EB%A1%9C%EA%B7%B8%EB%9E%98%EB%B0%8D
 요청 처리 시작 시각 : 2025/02/17 10:32:20
 요청 처리 종료 시각 : 2025/02/17 10:32:20
 요청 처리 소요 시간 : 1739755940734ms 
-------------------------
 접속한 클라이언트 IP : 0:0:0:0:0:0:0:1
 접근한 URL 경로 : /jspEx01/books.jsp
 요청 처리 시작 시각 : 2025/02/17 10:32:20
 요청 처리 종료 시각 : 2025/02/17 10:32:20
 요청 처리 소요 시간 : 1739755940737ms 
-------------------------
 접속한 클라이언트 IP : 0:0:0:0:0:0:0:1
 접근한 URL 경로 : /jspEx01/book.jsp?id=ISBN1236
 요청 처리 시작 시각 : 2025/02/17 10:32:22
 요청 처리 종료 시각 : 2025/02/17 10:32:22
 요청 처리 소요 시간 : 1739755942096ms 
-------------------------
 접속한 클라이언트 IP : 0:0:0:0:0:0:0:1
 접근한 URL 경로 : /jspEx01/cart.jsp
 요청 처리 시작 시각 : 2025/02/17 10:32:23
 요청 처리 종료 시각 : 2025/02/17 10:32:23
 요청 처리 소요 시간 : 1739755943069ms 
-------------------------
 접속한 클라이언트 IP : 0:0:0:0:0:0:0:1
 접근한 URL 경로 : /jspEx01/book.jsp?id=ISBN1236
 요청 처리 시작 시각 : 2025/02/17 10:33:24
 요청 처리 종료 시각 : 2025/02/17 10:33:24
 요청 처리 소요 시간 : 1739756004700ms 
-------------------------
 접속한 클라이언트 IP : 0:0:0:0:0:0:0:1
 접근한 URL 경로 : /jspEx01/book.jsp?id=ISBN1236
 요청 처리 시작 시각 : 2025/02/17 10:33:24
 요청 처리 종료 시각 : 2025/02/17 10:33:24
 요청 처리 소요 시간 : 1739756004845ms 
-------------------------
 접속한 클라이언트 IP : 0:0:0:0:0:0:0:1
 접근한 URL 경로 : /jspEx01/addCart.jsp?id=ISBN1236
 요청 처리 시작 시각 : 2025/02/17 10:33:26
 요청 처리 종료 시각 : 2025/02/17 10:33:26
 요청 처리 소요 시간 : 1739756006678ms 
-------------------------
 접속한 클라이언트 IP : 0:0:0:0:0:0:0:1
 접근한 URL 경로 : /jspEx01/book.jsp?id=ISBN1236
 요청 처리 시작 시각 : 2025/02/17 10:33:26
 요청 처리 종료 시각 : 2025/02/17 10:33:26
 요청 처리 소요 시간 : 1739756006766ms 
-------------------------
 접속한 클라이언트 IP : 0:0:0:0:0:0:0:1
 접근한 URL 경로 : /jspEx01/cart.jsp
 요청 처리 시작 시각 : 2025/02/17 10:33:28
 요청 처리 종료 시각 : 2025/02/17 10:33:28
 요청 처리 소요 시간 : 1739756008152ms 
-------------------------
 접속한 클라이언트 IP : 0:0:0:0:0:0:0:1
 접근한 URL 경로 : /jspEx01/removeCart.jsp?id=ISBN1236
 요청 처리 시작 시각 : 2025/02/17 10:33:30
 요청 처리 종료 시각 : 2025/02/17 10:33:30
 요청 처리 소요 시간 : 1739756010088ms 
-------------------------
 접속한 클라이언트 IP : 0:0:0:0:0:0:0:1
 접근한 URL 경로 : /jspEx01/cart.jsp
 요청 처리 시작 시각 : 2025/02/17 10:33:30
 요청 처리 종료 시각 : 2025/02/17 10:33:30
 요청 처리 소요 시간 : 1739756010093ms 
-------------------------
 접속한 클라이언트 IP : 0:0:0:0:0:0:0:1
 접근한 URL 경로 : /jspEx01/books.jsp
 요청 처리 시작 시각 : 2025/02/17 10:33:31
 요청 처리 종료 시각 : 2025/02/17 10:33:31
 요청 처리 소요 시간 : 1739756011752ms 
-------------------------
 접속한 클라이언트 IP : 0:0:0:0:0:0:0:1
 접근한 URL 경로 : /jspEx01/book.jsp?id=ISBN1235
 요청 처리 시작 시각 : 2025/02/17 10:33:38
 요청 처리 종료 시각 : 2025/02/17 10:33:38
 요청 처리 소요 시간 : 1739756018832ms 
-------------------------
 접속한 클라이언트 IP : 0:0:0:0:0:0:0:1
 접근한 URL 경로 : /jspEx01/addCart.jsp?id=ISBN1235
 요청 처리 시작 시각 : 2025/02/17 10:33:40
 요청 처리 종료 시각 : 2025/02/17 10:33:40
 요청 처리 소요 시간 : 1739756020354ms 
-------------------------
 접속한 클라이언트 IP : 0:0:0:0:0:0:0:1
 접근한 URL 경로 : /jspEx01/book.jsp?id=ISBN1235
 요청 처리 시작 시각 : 2025/02/17 10:33:40
 요청 처리 종료 시각 : 2025/02/17 10:33:40
 요청 처리 소요 시간 : 1739756020359ms 
-------------------------
 접속한 클라이언트 IP : 0:0:0:0:0:0:0:1
 접근한 URL 경로 : /jspEx01/books.jsp
 요청 처리 시작 시각 : 2025/02/17 10:33:41
 요청 처리 종료 시각 : 2025/02/17 10:33:41
 요청 처리 소요 시간 : 1739756021264ms 
-------------------------
 접속한 클라이언트 IP : 0:0:0:0:0:0:0:1
 접근한 URL 경로 : /jspEx01/book.jsp?id=ISBN1235
 요청 처리 시작 시각 : 2025/02/17 10:33:42
 요청 처리 종료 시각 : 2025/02/17 10:33:42
 요청 처리 소요 시간 : 1739756022192ms 
-------------------------
 접속한 클라이언트 IP : 0:0:0:0:0:0:0:1
 접근한 URL 경로 : /jspEx01/cart.jsp
 요청 처리 시작 시각 : 2025/02/17 10:33:43
 요청 처리 종료 시각 : 2025/02/17 10:33:43
 요청 처리 소요 시간 : 1739756023289ms 
-------------------------
 접속한 클라이언트 IP : 0:0:0:0:0:0:0:1
 접근한 URL 경로 : /jspEx01/shippingInfo.jsp?cartId=99F1B51BDDF0EEC81AA864EA0BC792AF
 요청 처리 시작 시각 : 2025/02/17 10:33:44
 요청 처리 종료 시각 : 2025/02/17 10:33:44
 요청 처리 소요 시간 : 1739756024201ms 
-------------------------
 접속한 클라이언트 IP : 0:0:0:0:0:0:0:1
 접근한 URL 경로 : /jspEx01/processShippingInfo.jsp
 요청 처리 시작 시각 : 2025/02/17 10:33:45
 요청 처리 종료 시각 : 2025/02/17 10:33:45
 요청 처리 소요 시간 : 1739756025828ms 
-------------------------
 접속한 클라이언트 IP : 0:0:0:0:0:0:0:1
 접근한 URL 경로 : /jspEx01/orderConfirmation.jsp
 요청 처리 시작 시각 : 2025/02/17 10:33:45
 요청 처리 종료 시각 : 2025/02/17 10:33:46
 요청 처리 소요 시간 : 1739756025901ms 
-------------------------
 접속한 클라이언트 IP : 0:0:0:0:0:0:0:1
 접근한 URL 경로 : /jspEx01/thankCustomer.jsp
 요청 처리 시작 시각 : 2025/02/17 10:33:47
 요청 처리 종료 시각 : 2025/02/17 10:33:47
 요청 처리 소요 시간 : 1739756027449ms 
-------------------------
 접속한 클라이언트 IP : 0:0:0:0:0:0:0:1
 접근한 URL 경로 : /jspEx01/books.jsp
 요청 처리 시작 시각 : 2025/02/17 10:33:48
 요청 처리 종료 시각 : 2025/02/17 10:33:48
 요청 처리 소요 시간 : 1739756028460ms 
-------------------------
 접속한 클라이언트 IP : 0:0:0:0:0:0:0:1
 접근한 URL 경로 : /jspEx01/book.jsp?id=ISBN1235
 요청 처리 시작 시각 : 2025/02/17 10:33:50
 요청 처리 종료 시각 : 2025/02/17 10:33:50
 요청 처리 소요 시간 : 1739756030010ms 
-------------------------
 접속한 클라이언트 IP : 0:0:0:0:0:0:0:1
 접근한 URL 경로 : /jspEx01/books.jsp
 요청 처리 시작 시각 : 2025/02/17 10:33:53
 요청 처리 종료 시각 : 2025/02/17 10:33:53
 요청 처리 소요 시간 : 1739756033587ms 
-------------------------
 접속한 클라이언트 IP : 0:0:0:0:0:0:0:1
 접근한 URL 경로 : /jspEx01/member/addMember.jsp
 요청 처리 시작 시각 : 2025/02/17 10:33:55
 요청 처리 종료 시각 : 2025/02/17 10:33:55
 요청 처리 소요 시간 : 1739756035154ms 
-------------------------
 접속한 클라이언트 IP : 0:0:0:0:0:0:0:1
 접근한 URL 경로 : /jspEx01/member/addBook.jsp
 요청 처리 시작 시각 : 2025/02/17 10:33:56
 요청 처리 종료 시각 : 2025/02/17 10:33:56
 요청 처리 소요 시간 : 1739756036857ms 
-------------------------
 접속한 클라이언트 IP : 0:0:0:0:0:0:0:1
 접근한 URL 경로 : /jspEx01/login.jsp?error=1
 요청 처리 시작 시각 : 2025/02/17 10:34:04
 요청 처리 종료 시각 : 2025/02/17 10:34:04
 요청 처리 소요 시간 : 1739756044822ms 
-------------------------
 접속한 클라이언트 IP : 0:0:0:0:0:0:0:1
 접근한 URL 경로 : /jspEx01/login.jsp?error=1
 요청 처리 시작 시각 : 2025/02/17 10:34:07
 요청 처리 종료 시각 : 2025/02/17 10:34:07
 요청 처리 소요 시간 : 1739756047712ms 
-------------------------
 접속한 클라이언트 IP : 0:0:0:0:0:0:0:1
 접근한 URL 경로 : /jspEx01/login.jsp?error=1
 요청 처리 시작 시각 : 2025/02/17 10:34:11
 요청 처리 종료 시각 : 2025/02/17 10:34:11
 요청 처리 소요 시간 : 1739756051285ms 
-------------------------
 접속한 클라이언트 IP : 0:0:0:0:0:0:0:1
 접근한 URL 경로 : /jspEx01/login.jsp?error=1
 요청 처리 시작 시각 : 2025/02/17 10:35:02
 요청 처리 종료 시각 : 2025/02/17 10:35:02
 요청 처리 소요 시간 : 1739756102926ms 
-------------------------
 접속한 클라이언트 IP : 0:0:0:0:0:0:0:1
 접근한 URL 경로 : /jspEx01/books.jsp
 요청 처리 시작 시각 : 2025/02/17 10:35:43
 요청 처리 종료 시각 : 2025/02/17 10:35:43
 요청 처리 소요 시간 : 1739756143306ms 
-------------------------
 접속한 클라이언트 IP : 0:0:0:0:0:0:0:1
 접근한 URL 경로 : /jspEx01/member/loginMember.jsp
 요청 처리 시작 시각 : 2025/02/17 10:36:36
 요청 처리 종료 시각 : 2025/02/17 10:36:36
 요청 처리 소요 시간 : 1739756196161ms 
-------------------------
 접속한 클라이언트 IP : 0:0:0:0:0:0:0:1
 접근한 URL 경로 : /jspEx01/member/processLoginMember.jsp
 요청 처리 시작 시각 : 2025/02/17 10:36:39
 요청 처리 종료 시각 : 2025/02/17 10:36:39
 요청 처리 소요 시간 : 1739756199015ms 
-------------------------
 접속한 클라이언트 IP : 0:0:0:0:0:0:0:1
 접근한 URL 경로 : /jspEx01/member/resultMember.jsp?msg=2
 요청 처리 시작 시각 : 2025/02/17 10:36:39
 요청 처리 종료 시각 : 2025/02/17 10:36:39
 요청 처리 소요 시간 : 1739756199031ms 
-------------------------
 접속한 클라이언트 IP : 0:0:0:0:0:0:0:1
 접근한 URL 경로 : /jspEx01/member/updateMember.jsp
 요청 처리 시작 시각 : 2025/02/17 10:36:41
 요청 처리 종료 시각 : 2025/02/17 10:36:41
 요청 처리 소요 시간 : 1739756201587ms 
-------------------------
 접속한 클라이언트 IP : 0:0:0:0:0:0:0:1
 접근한 URL 경로 : /jspEx01/member/processUpdateMember.jsp
 요청 처리 시작 시각 : 2025/02/17 10:36:48
 접속한 클라이언트 IP : 0:0:0:0:0:0:0:1
 접근한 URL 경로 : /jspEx01/member/processUpdateMember.jsp
 요청 처리 시작 시각 : 2025/02/17 10:37:08
 요청 처리 종료 시각 : 2025/02/17 10:37:09
 요청 처리 소요 시간 : 1739756228912ms 
-------------------------
 접속한 클라이언트 IP : 0:0:0:0:0:0:0:1
 접근한 URL 경로 : /jspEx01/member/resultMember.jsp?msg=0
 요청 처리 시작 시각 : 2025/02/17 10:37:09
 요청 처리 종료 시각 : 2025/02/17 10:37:09
 요청 처리 소요 시간 : 1739756229019ms 
-------------------------
 접속한 클라이언트 IP : 0:0:0:0:0:0:0:1
 접근한 URL 경로 : /jspEx01/member/updateMember.jsp
 요청 처리 시작 시각 : 2025/02/17 10:37:10
 요청 처리 종료 시각 : 2025/02/17 10:37:10
 요청 처리 소요 시간 : 1739756230946ms 
-------------------------
 접속한 클라이언트 IP : 0:0:0:0:0:0:0:1
 접근한 URL 경로 : /jspEx01/member/deleteMember.jsp
 요청 처리 시작 시각 : 2025/02/17 10:37:13
 요청 처리 종료 시각 : 2025/02/17 10:37:13
 요청 처리 소요 시간 : 1739756233185ms 
-------------------------
 접속한 클라이언트 IP : 0:0:0:0:0:0:0:1
 접근한 URL 경로 : /jspEx01/member/resultMember.jsp
 요청 처리 시작 시각 : 2025/02/17 10:37:13
 접속한 클라이언트 IP : 0:0:0:0:0:0:0:1
 접근한 URL 경로 : /jspEx01/member/deleteMember.jsp
 요청 처리 시작 시각 : 2025/02/17 10:41:11
 요청 처리 종료 시각 : 2025/02/17 10:41:11
 요청 처리 소요 시간 : 1739756471472ms 
-------------------------
 접속한 클라이언트 IP : 0:0:0:0:0:0:0:1
 접근한 URL 경로 : /jspEx01/member/deleteMember.jsp
 요청 처리 시작 시각 : 2025/02/17 10:41:22
 요청 처리 종료 시각 : 2025/02/17 10:41:22
 요청 처리 소요 시간 : 1739756482718ms 
-------------------------
 접속한 클라이언트 IP : 0:0:0:0:0:0:0:1
 접근한 URL 경로 : /jspEx01/member/updateMember.jsp
 요청 처리 시작 시각 : 2025/02/17 10:41:24
 요청 처리 종료 시각 : 2025/02/17 10:41:24
 요청 처리 소요 시간 : 1739756484156ms 
-------------------------
 접속한 클라이언트 IP : 0:0:0:0:0:0:0:1
 접근한 URL 경로 : /jspEx01/member/updateMember.jsp
 요청 처리 시작 시각 : 2025/02/17 10:41:24
 요청 처리 종료 시각 : 2025/02/17 10:41:24
 요청 처리 소요 시간 : 1739756484420ms 
-------------------------
 접속한 클라이언트 IP : 0:0:0:0:0:0:0:1
 접근한 URL 경로 : /jspEx01/member/updateMember.jsp
 요청 처리 시작 시각 : 2025/02/17 10:41:24
 요청 처리 종료 시각 : 2025/02/17 10:41:24
 요청 처리 소요 시간 : 1739756484595ms 
-------------------------
 접속한 클라이언트 IP : 0:0:0:0:0:0:0:1
 접근한 URL 경로 : /jspEx01/member/loginMember.jsp
 요청 처리 시작 시각 : 2025/02/17 10:41:25
 요청 처리 종료 시각 : 2025/02/17 10:41:25
 요청 처리 소요 시간 : 1739756485441ms 
-------------------------
 접속한 클라이언트 IP : 0:0:0:0:0:0:0:1
 접근한 URL 경로 : /jspEx01/member/processLoginMember.jsp
 요청 처리 시작 시각 : 2025/02/17 10:41:28
 요청 처리 종료 시각 : 2025/02/17 10:41:28
 요청 처리 소요 시간 : 1739756488337ms 
-------------------------
 접속한 클라이언트 IP : 0:0:0:0:0:0:0:1
 접근한 URL 경로 : /jspEx01/member/loginMember.jsp?error=1
 요청 처리 시작 시각 : 2025/02/17 10:41:28
 요청 처리 종료 시각 : 2025/02/17 10:41:28
 요청 처리 소요 시간 : 1739756488349ms 
-------------------------
 접속한 클라이언트 IP : 0:0:0:0:0:0:0:1
 접근한 URL 경로 : /jspEx01/member/addMember.jsp
 요청 처리 시작 시각 : 2025/02/17 10:41:29
 요청 처리 종료 시각 : 2025/02/17 10:41:29
 요청 처리 소요 시간 : 1739756489512ms 
-------------------------
 접속한 클라이언트 IP : 0:0:0:0:0:0:0:1
 접근한 URL 경로 : /jspEx01/member/processAddMember.jsp
 요청 처리 시작 시각 : 2025/02/17 10:41:43
 요청 처리 종료 시각 : 2025/02/17 10:41:43
 요청 처리 소요 시간 : 1739756503054ms 
-------------------------
 접속한 클라이언트 IP : 0:0:0:0:0:0:0:1
 접근한 URL 경로 : /jspEx01/member/resultMember.jsp?msg=1
 요청 처리 시작 시각 : 2025/02/17 10:41:43
 요청 처리 종료 시각 : 2025/02/17 10:41:43
 요청 처리 소요 시간 : 1739756503069ms 
-------------------------
 접속한 클라이언트 IP : 0:0:0:0:0:0:0:1
 접근한 URL 경로 : /jspEx01/member/loginMember.jsp
 요청 처리 시작 시각 : 2025/02/17 10:41:45
 요청 처리 종료 시각 : 2025/02/17 10:41:45
 요청 처리 소요 시간 : 1739756505425ms 
-------------------------
 접속한 클라이언트 IP : 0:0:0:0:0:0:0:1
 접근한 URL 경로 : /jspEx01/member/processLoginMember.jsp
 요청 처리 시작 시각 : 2025/02/17 10:41:48
 요청 처리 종료 시각 : 2025/02/17 10:41:48
 요청 처리 소요 시간 : 1739756508506ms 
-------------------------
 접속한 클라이언트 IP : 0:0:0:0:0:0:0:1
 접근한 URL 경로 : /jspEx01/member/resultMember.jsp?msg=2
 요청 처리 시작 시각 : 2025/02/17 10:41:48
 요청 처리 종료 시각 : 2025/02/17 10:41:48
 요청 처리 소요 시간 : 1739756508519ms 
-------------------------
 접속한 클라이언트 IP : 0:0:0:0:0:0:0:1
 접근한 URL 경로 : /jspEx01/member/updateMember.jsp
 요청 처리 시작 시각 : 2025/02/17 10:41:50
 요청 처리 종료 시각 : 2025/02/17 10:41:50
 요청 처리 소요 시간 : 1739756510688ms 
-------------------------
 접속한 클라이언트 IP : 0:0:0:0:0:0:0:1
 접근한 URL 경로 : /jspEx01/member/deleteMember.jsp
 요청 처리 시작 시각 : 2025/02/17 10:41:52
 요청 처리 종료 시각 : 2025/02/17 10:41:52
 요청 처리 소요 시간 : 1739756512368ms 
-------------------------
 접속한 클라이언트 IP : 0:0:0:0:0:0:0:1
 접근한 URL 경로 : /jspEx01/member/resultMember.jsp
 요청 처리 시작 시각 : 2025/02/17 10:41:52
 접속한 클라이언트 IP : 0:0:0:0:0:0:0:1
 접근한 URL 경로 : /jspEx01/member/resultMember.jsp
 요청 처리 시작 시각 : 2025/02/17 10:42:31
 접속한 클라이언트 IP : 0:0:0:0:0:0:0:1
 접근한 URL 경로 : /jspEx01/member/updateMember.jsp
 요청 처리 시작 시각 : 2025/02/17 10:42:32
 요청 처리 종료 시각 : 2025/02/17 10:42:32
 요청 처리 소요 시간 : 1739756552941ms 
-------------------------
 접속한 클라이언트 IP : 0:0:0:0:0:0:0:1
 접근한 URL 경로 : /jspEx01/member/addMember.jsp
 요청 처리 시작 시각 : 2025/02/17 10:42:34
 요청 처리 종료 시각 : 2025/02/17 10:42:34
 요청 처리 소요 시간 : 1739756554469ms 
-------------------------
 접속한 클라이언트 IP : 0:0:0:0:0:0:0:1
 접근한 URL 경로 : /jspEx01/member/processAddMember.jsp
 요청 처리 시작 시각 : 2025/02/17 10:42:45
 요청 처리 종료 시각 : 2025/02/17 10:42:45
 요청 처리 소요 시간 : 1739756565249ms 
-------------------------
 접속한 클라이언트 IP : 0:0:0:0:0:0:0:1
 접근한 URL 경로 : /jspEx01/member/resultMember.jsp?msg=1
 요청 처리 시작 시각 : 2025/02/17 10:42:45
 요청 처리 종료 시각 : 2025/02/17 10:42:45
 요청 처리 소요 시간 : 1739756565265ms 
-------------------------
 접속한 클라이언트 IP : 0:0:0:0:0:0:0:1
 접근한 URL 경로 : /jspEx01/member/loginMember.jsp
 요청 처리 시작 시각 : 2025/02/17 10:42:47
 요청 처리 종료 시각 : 2025/02/17 10:42:47
 요청 처리 소요 시간 : 1739756567607ms 
-------------------------
 접속한 클라이언트 IP : 0:0:0:0:0:0:0:1
 접근한 URL 경로 : /jspEx01/member/processLoginMember.jsp
 요청 처리 시작 시각 : 2025/02/17 10:42:50
 요청 처리 종료 시각 : 2025/02/17 10:42:50
 요청 처리 소요 시간 : 1739756570019ms 
-------------------------
 접속한 클라이언트 IP : 0:0:0:0:0:0:0:1
 접근한 URL 경로 : /jspEx01/member/resultMember.jsp?msg=2
 요청 처리 시작 시각 : 2025/02/17 10:42:50
 요청 처리 종료 시각 : 2025/02/17 10:42:50
 요청 처리 소요 시간 : 1739756570033ms 
-------------------------
 접속한 클라이언트 IP : 0:0:0:0:0:0:0:1
 접근한 URL 경로 : /jspEx01/member/updateMember.jsp
 요청 처리 시작 시각 : 2025/02/17 10:42:51
 요청 처리 종료 시각 : 2025/02/17 10:42:51
 요청 처리 소요 시간 : 1739756571417ms 
-------------------------
 접속한 클라이언트 IP : 0:0:0:0:0:0:0:1
 접근한 URL 경로 : /jspEx01/member/deleteMember.jsp
 요청 처리 시작 시각 : 2025/02/17 10:42:52
 요청 처리 종료 시각 : 2025/02/17 10:42:52
 요청 처리 소요 시간 : 1739756572593ms 
-------------------------
 접속한 클라이언트 IP : 0:0:0:0:0:0:0:1
 접근한 URL 경로 : /jspEx01/member/resultMember.jsp?msg=3
 요청 처리 시작 시각 : 2025/02/17 10:42:52
 요청 처리 종료 시각 : 2025/02/17 10:42:52
 요청 처리 소요 시간 : 1739756572694ms 
-------------------------
 접속한 클라이언트 IP : 0:0:0:0:0:0:0:1
 접근한 URL 경로 : /jspEx01/member/loginMember.jsp
 요청 처리 시작 시각 : 2025/02/17 10:45:47
 요청 처리 종료 시각 : 2025/02/17 10:45:47
 요청 처리 소요 시간 : 1739756747626ms 
-------------------------
 접속한 클라이언트 IP : 0:0:0:0:0:0:0:1
 접근한 URL 경로 : /jspEx01/member/processLoginMember.jsp
 요청 처리 시작 시각 : 2025/02/17 10:45:54
 요청 처리 종료 시각 : 2025/02/17 10:45:54
 요청 처리 소요 시간 : 1739756754003ms 
-------------------------
 접속한 클라이언트 IP : 0:0:0:0:0:0:0:1
 접근한 URL 경로 : /jspEx01/member/loginMember.jsp?error=1
 요청 처리 시작 시각 : 2025/02/17 10:45:54
 요청 처리 종료 시각 : 2025/02/17 10:45:54
 요청 처리 소요 시간 : 1739756754016ms 
-------------------------
 접속한 클라이언트 IP : 0:0:0:0:0:0:0:1
 접근한 URL 경로 : /jspEx01/member/addMember.jsp
 요청 처리 시작 시각 : 2025/02/17 10:45:55
 요청 처리 종료 시각 : 2025/02/17 10:45:55
 요청 처리 소요 시간 : 1739756755376ms 
-------------------------
 접속한 클라이언트 IP : 0:0:0:0:0:0:0:1
 접근한 URL 경로 : /jspEx01/member/processAddMember.jsp
 요청 처리 시작 시각 : 2025/02/17 10:46:09
 요청 처리 종료 시각 : 2025/02/17 10:46:09
 요청 처리 소요 시간 : 1739756769386ms 
-------------------------
 접속한 클라이언트 IP : 0:0:0:0:0:0:0:1
 접근한 URL 경로 : /jspEx01/member/resultMember.jsp?msg=1
 요청 처리 시작 시각 : 2025/02/17 10:46:09
 요청 처리 종료 시각 : 2025/02/17 10:46:09
 요청 처리 소요 시간 : 1739756769401ms 
-------------------------
 접속한 클라이언트 IP : 0:0:0:0:0:0:0:1
 접근한 URL 경로 : /jspEx01/member/resultMember.jsp?msg=1
 요청 처리 시작 시각 : 2025/02/17 10:47:33
 요청 처리 종료 시각 : 2025/02/17 10:47:33
 요청 처리 소요 시간 : 1739756853798ms 
-------------------------
 접속한 클라이언트 IP : 0:0:0:0:0:0:0:1
 접근한 URL 경로 : /jspEx01/member/loginMember.jsp
 요청 처리 시작 시각 : 2025/02/17 10:47:38
 요청 처리 종료 시각 : 2025/02/17 10:47:38
 요청 처리 소요 시간 : 1739756858233ms 
-------------------------
 접속한 클라이언트 IP : 0:0:0:0:0:0:0:1
 접근한 URL 경로 : /jspEx01/member/processLoginMember.jsp
 요청 처리 시작 시각 : 2025/02/17 10:47:40
 요청 처리 종료 시각 : 2025/02/17 10:47:40
 요청 처리 소요 시간 : 1739756860449ms 
-------------------------
 접속한 클라이언트 IP : 0:0:0:0:0:0:0:1
 접근한 URL 경로 : /jspEx01/member/loginMember.jsp?error=1
 요청 처리 시작 시각 : 2025/02/17 10:47:40
 요청 처리 종료 시각 : 2025/02/17 10:47:40
 요청 처리 소요 시간 : 1739756860461ms 
-------------------------
 접속한 클라이언트 IP : 0:0:0:0:0:0:0:1
 접근한 URL 경로 : /jspEx01/member/processLoginMember.jsp
 요청 처리 시작 시각 : 2025/02/17 10:47:43
 요청 처리 종료 시각 : 2025/02/17 10:47:43
 요청 처리 소요 시간 : 1739756863970ms 
-------------------------
 접속한 클라이언트 IP : 0:0:0:0:0:0:0:1
 접근한 URL 경로 : /jspEx01/member/loginMember.jsp?error=1
 요청 처리 시작 시각 : 2025/02/17 10:47:43
 요청 처리 종료 시각 : 2025/02/17 10:47:43
 요청 처리 소요 시간 : 1739756863980ms 
-------------------------
 접속한 클라이언트 IP : 0:0:0:0:0:0:0:1
 접근한 URL 경로 : /jspEx01/member/processLoginMember.jsp
 요청 처리 시작 시각 : 2025/02/17 10:47:47
 요청 처리 종료 시각 : 2025/02/17 10:47:47
 요청 처리 소요 시간 : 1739756867859ms 
-------------------------
 접속한 클라이언트 IP : 0:0:0:0:0:0:0:1
 접근한 URL 경로 : /jspEx01/member/resultMember.jsp?msg=2
 요청 처리 시작 시각 : 2025/02/17 10:47:47
 요청 처리 종료 시각 : 2025/02/17 10:47:47
 요청 처리 소요 시간 : 1739756867872ms 
-------------------------
 접속한 클라이언트 IP : 0:0:0:0:0:0:0:1
 접근한 URL 경로 : /jspEx01/member/updateMember.jsp
 요청 처리 시작 시각 : 2025/02/17 10:47:51
 요청 처리 종료 시각 : 2025/02/17 10:47:51
 요청 처리 소요 시간 : 1739756871019ms 
-------------------------
 접속한 클라이언트 IP : 0:0:0:0:0:0:0:1
 접근한 URL 경로 : /jspEx01/member/deleteMember.jsp
 요청 처리 시작 시각 : 2025/02/17 10:47:52
 요청 처리 종료 시각 : 2025/02/17 10:47:52
 요청 처리 소요 시간 : 1739756872257ms 
-------------------------
 접속한 클라이언트 IP : 0:0:0:0:0:0:0:1
 접근한 URL 경로 : /jspEx01/member/resultMember.jsp
 요청 처리 시작 시각 : 2025/02/17 10:47:52
 요청 처리 종료 시각 : 2025/02/17 10:47:52
 요청 처리 소요 시간 : 1739756872351ms 
-------------------------
 접속한 클라이언트 IP : 0:0:0:0:0:0:0:1
 접근한 URL 경로 : /jspEx01/member/loginMember.jsp
 요청 처리 시작 시각 : 2025/02/17 10:47:54
 요청 처리 종료 시각 : 2025/02/17 10:47:54
 요청 처리 소요 시간 : 1739756874265ms 
-------------------------
 접속한 클라이언트 IP : 0:0:0:0:0:0:0:1
 접근한 URL 경로 : /jspEx01/books.jsp
 요청 처리 시작 시각 : 2025/02/17 11:22:35
 요청 처리 종료 시각 : 2025/02/17 11:22:35
 요청 처리 소요 시간 : 1739758955961ms 
-------------------------
 접속한 클라이언트 IP : 0:0:0:0:0:0:0:1
 접근한 URL 경로 : /jspEx01/member/loginMember.jsp
 요청 처리 시작 시각 : 2025/02/17 11:22:37
 요청 처리 종료 시각 : 2025/02/17 11:22:37
 요청 처리 소요 시간 : 1739758957022ms 
-------------------------
 접속한 클라이언트 IP : 0:0:0:0:0:0:0:1
 접근한 URL 경로 : /jspEx01/member/processLoginMember.jsp
 요청 처리 시작 시각 : 2025/02/17 11:22:40
 요청 처리 종료 시각 : 2025/02/17 11:22:40
 요청 처리 소요 시간 : 1739758960734ms 
-------------------------
 접속한 클라이언트 IP : 0:0:0:0:0:0:0:1
 접근한 URL 경로 : /jspEx01/member/loginMember.jsp?error=1
 요청 처리 시작 시각 : 2025/02/17 11:22:40
 요청 처리 종료 시각 : 2025/02/17 11:22:40
 요청 처리 소요 시간 : 1739758960745ms 
-------------------------
 접속한 클라이언트 IP : 0:0:0:0:0:0:0:1
 접근한 URL 경로 : /jspEx01/member/addMember.jsp
 요청 처리 시작 시각 : 2025/02/17 11:22:42
 요청 처리 종료 시각 : 2025/02/17 11:22:42
 요청 처리 소요 시간 : 1739758962745ms 
-------------------------
 접속한 클라이언트 IP : 0:0:0:0:0:0:0:1
 접근한 URL 경로 : /jspEx01/member/processAddMember.jsp
 요청 처리 시작 시각 : 2025/02/17 11:22:54
 요청 처리 종료 시각 : 2025/02/17 11:22:54
 요청 처리 소요 시간 : 1739758974146ms 
-------------------------
 접속한 클라이언트 IP : 0:0:0:0:0:0:0:1
 접근한 URL 경로 : /jspEx01/member/resultMember.jsp?msg=1
 요청 처리 시작 시각 : 2025/02/17 11:22:54
 요청 처리 종료 시각 : 2025/02/17 11:22:54
 요청 처리 소요 시간 : 1739758974163ms 
-------------------------
 접속한 클라이언트 IP : 0:0:0:0:0:0:0:1
 접근한 URL 경로 : /jspEx01/member/loginMember.jsp
 요청 처리 시작 시각 : 2025/02/17 11:22:56
 요청 처리 종료 시각 : 2025/02/17 11:22:56
 요청 처리 소요 시간 : 1739758976067ms 
-------------------------
 접속한 클라이언트 IP : 0:0:0:0:0:0:0:1
 접근한 URL 경로 : /jspEx01/member/processLoginMember.jsp
 요청 처리 시작 시각 : 2025/02/17 11:22:58
 요청 처리 종료 시각 : 2025/02/17 11:22:58
 요청 처리 소요 시간 : 1739758978307ms 
-------------------------
 접속한 클라이언트 IP : 0:0:0:0:0:0:0:1
 접근한 URL 경로 : /jspEx01/member/loginMember.jsp?error=1
 요청 처리 시작 시각 : 2025/02/17 11:22:58
 요청 처리 종료 시각 : 2025/02/17 11:22:58
 요청 처리 소요 시간 : 1739758978319ms 
-------------------------
 접속한 클라이언트 IP : 0:0:0:0:0:0:0:1
 접근한 URL 경로 : /jspEx01/member/processLoginMember.jsp
 요청 처리 시작 시각 : 2025/02/17 11:23:00
 요청 처리 종료 시각 : 2025/02/17 11:23:00
 요청 처리 소요 시간 : 1739758980446ms 
-------------------------
 접속한 클라이언트 IP : 0:0:0:0:0:0:0:1
 접근한 URL 경로 : /jspEx01/member/resultMember.jsp?msg=2
 요청 처리 시작 시각 : 2025/02/17 11:23:00
 요청 처리 종료 시각 : 2025/02/17 11:23:00
 요청 처리 소요 시간 : 1739758980457ms 
-------------------------
 접속한 클라이언트 IP : 0:0:0:0:0:0:0:1
 접근한 URL 경로 : /jspEx01/member/editBook.jsp?edit=delete
 요청 처리 시작 시각 : 2025/02/17 11:23:01
 요청 처리 종료 시각 : 2025/02/17 11:23:01
 요청 처리 소요 시간 : 1739758981489ms 
-------------------------
 접속한 클라이언트 IP : 0:0:0:0:0:0:0:1
 접근한 URL 경로 : /jspEx01/member/logoutMember.jsp
 요청 처리 시작 시각 : 2025/02/17 11:23:04
 요청 처리 종료 시각 : 2025/02/17 11:23:04
 요청 처리 소요 시간 : 1739758984619ms 
-------------------------
 접속한 클라이언트 IP : 0:0:0:0:0:0:0:1
 접근한 URL 경로 : /jspEx01/member/loginMember.jsp
 요청 처리 시작 시각 : 2025/02/17 11:23:04
 요청 처리 종료 시각 : 2025/02/17 11:23:04
 요청 처리 소요 시간 : 1739758984623ms 
-------------------------
 접속한 클라이언트 IP : 0:0:0:0:0:0:0:1
 접근한 URL 경로 : /jspEx01/member/welcome.jsp
 요청 처리 시작 시각 : 2025/02/17 11:23:06
 요청 처리 종료 시각 : 2025/02/17 11:23:06
 요청 처리 소요 시간 : 1739758986087ms 
-------------------------
